symbol,headline,category,sentiment_score,source_tier,hash,deduplicated_status
POLICYBZR,Bloodbath for PB Fintech shares! Stock down 5% after 36% fall yesterday; IRDAI’s overhaul move spooks in - The Times of India,GENERAL_MACRO,0.0,TIER_3_FINANCIAL_MEDIA,d36caab93d7b,UNIQUE_OR_CANONICAL
POWERGRID,"Top stocks in focus today. Why Adani Power, SAIL, BCCL, Power Grid, Cupid, KPI must be on radar - List for Mon 28 Sep",GENERAL_MACRO,0.0,TIER_3_FINANCIAL_MEDIA,0231ef7f2e4f,UNIQUE_OR_CANONICAL
NIFTY,"Nifty outlook for today: Bears to keep volatility elevated in monthly expiry week; Check resistance, support levels",GENERAL_MACRO,0.0,TIER_3_FINANCIAL_MEDIA,da1c2f613b77,UNIQUE_OR_CANONICAL
OIL,"Is the Strait Of Hormuz open? Iran & Trump's New Warnings; Reliance, ONGC, Other Oil & Gas Stocks In Focus - Goodreturns",GENERAL_MACRO,0.0,TIER_3_FINANCIAL_MEDIA,3d065efb5ef7,UNIQUE_OR_CANONICAL
IOC,Indian Oil Heir Who Runs Controversial Mega-Zoo Made Sustainability Professor at Newcastle University - ibtimes.co.uk,GENERAL_MACRO,0.0,TIER_3_FINANCIAL_MEDIA,482c046a07d1,UNIQUE_OR_CANONICAL
OIL,"Geopolitical developments, crude oil likely to steer stock market this week",GENERAL_MACRO,0.0,TIER_3_FINANCIAL_MEDIA,bcbaed53295e,UNIQUE_OR_CANONICAL
SAIL,"Top stocks in focus today. Why Adani Power, SAIL, BCCL, Power Grid, Cupid, KPI must be on radar - List for Mon 28 Sep",GENERAL_MACRO,0.0,TIER_3_FINANCIAL_MEDIA,0231ef7f2e4f,UNIQUE_OR_CANONICAL
SAIL,"Stocks to watch, Sept 25: PB Fintech, SAIL, Sedemac Mechatronics, Dr Lal Pathlabs, Genesys International, Wheels India - Dailyhunt",GENERAL_MACRO,0.0,TIER_3_FINANCIAL_MEDIA,9d3da5955c7d,UNIQUE_OR_CANONICAL
NIFTY,"Stock market prediction for today: Sensex, Nifty Monday, 28 Sept triggers | GIFT Nifty, Nikkei, Taiwan, Kospi cues",GENERAL_MACRO,0.0,TIER_3_FINANCIAL_MEDIA,0a035f38dc80,UNIQUE_OR_CANONICAL
OIL,Nifty Oil and Gas Prediction for Tomorrow: 28 Sept 2026 - Univest,GENERAL_MACRO,0.0,TIER_3_FINANCIAL_MEDIA,6bcb35967cb2,UNIQUE_OR_CANONICAL
GODREJPROP,"Godrej Properties Limited has informed the Exchange regarding a press release dated September 28, 2026, titled """"Press Release"""".",GENERAL_MACRO,0.0,TIER_1_REGULATOR,9c0b6c599208,UNIQUE_OR_CANONICAL
BIOCON,"Briefs: Biocon Malaysia, IOL Chemicals and NATCO Pharma - indianpharmapost.com",GENERAL_MACRO,0.0,TIER_3_FINANCIAL_MEDIA,bfb4383b1722,UNIQUE_OR_CANONICAL
SAIL,"Stocks in news: Adani Power, SAIL, BCCL, SAIL, Cupid and CleanMax Enviro",GENERAL_MACRO,0.0,TIER_3_FINANCIAL_MEDIA,2de89dc8246e,UNIQUE_OR_CANONICAL
BIOCON,Biocon Malaysia gets UK MHRA approval for new drug product fill-finish unit for insulins - BusinessLine,GENERAL_MACRO,1.0,TIER_3_FINANCIAL_MEDIA,f8b02e7010fe,UNIQUE_OR_CANONICAL
POLICYBZR,"Policybazaar, Turtlemint Feel The Squeeze - Inc42",GENERAL_MACRO,0.0,TIER_3_FINANCIAL_MEDIA,9be6aca29c00,UNIQUE_OR_CANONICAL
SBIN,"SBI Life, Max Fin, HDFC Life, LIC share price targets: IRDAI may need to revisit proposed cap, says Systematix - Business Today",GENERAL_MACRO,0.0,TIER_3_FINANCIAL_MEDIA,85de4d7baa19,UNIQUE_OR_CANONICAL
HDFCBANK,"SBI Life, Max Fin, HDFC Life, LIC share price targets: IRDAI may need to revisit proposed cap, says Systematix - Business Today",GENERAL_MACRO,0.0,TIER_3_FINANCIAL_MEDIA,85de4d7baa19,UNIQUE_OR_CANONICAL
SBIN,"Dubai is an important market for us, says SBI Funds’ MD &amp; CEO Debasish Mishra",GENERAL_MACRO,0.0,TIER_3_FINANCIAL_MEDIA,5fccc2f52a55,UNIQUE_OR_CANONICAL
OIL,"Trans ACNR, Maharashtra Oil among nine firms filing IPO papers with Sebi",GENERAL_MACRO,0.0,TIER_3_FINANCIAL_MEDIA,f06b033e873e,UNIQUE_OR_CANONICAL
POLICYBZR,"IRDAI proposal: Niva Bupa 'Buy' comfortable with EOM cap, PB Fintech 'Neutral' weighs business changes - TradingView",GENERAL_MACRO,0.0,TIER_3_FINANCIAL_MEDIA,a9db0185b3fd,UNIQUE_OR_CANONICAL
ICICIBANK,Is this best time to buy your dream house?: Banks may soon increase home loan interest rates; fixed rate vs... - bhaskarenglish.in,GENERAL_MACRO,0.0,TIER_3_FINANCIAL_MEDIA,2fd30578105c,UNIQUE_OR_CANONICAL
HDFCLIFE,"SBI Life, LIC face least impact from new commission caps by IRDAI, says Harshal Mehta - CNBC TV18",GENERAL_MACRO,0.0,TIER_3_FINANCIAL_MEDIA,54f6d3929e3d,UNIQUE_OR_CANONICAL
LICI,"SBI Life, LIC face least impact from new commission caps by IRDAI, says Harshal Mehta - CNBC TV18",GENERAL_MACRO,0.0,TIER_3_FINANCIAL_MEDIA,54f6d3929e3d,UNIQUE_OR_CANONICAL
SBILIFE,"SBI Life, LIC face least impact from new commission caps by IRDAI, says Harshal Mehta - CNBC TV18",GENERAL_MACRO,0.0,TIER_3_FINANCIAL_MEDIA,54f6d3929e3d,UNIQUE_OR_CANONICAL
BAJAJFINSV,Is this best time to buy your dream house?: Banks may soon increase home loan interest rates; fixed rate vs... - bhaskarenglish.in,GENERAL_MACRO,0.0,TIER_3_FINANCIAL_MEDIA,2fd30578105c,UNIQUE_OR_CANONICAL
INDUSINDBK,Is this best time to buy your dream house?: Banks may soon increase home loan interest rates; fixed rate vs... - bhaskarenglish.in,GENERAL_MACRO,0.0,TIER_3_FINANCIAL_MEDIA,2fd30578105c,UNIQUE_OR_CANONICAL
AXISBANK,Is this best time to buy your dream house?: Banks may soon increase home loan interest rates; fixed rate vs... - bhaskarenglish.in,GENERAL_MACRO,0.0,TIER_3_FINANCIAL_MEDIA,2fd30578105c,UNIQUE_OR_CANONICAL
ICICIPRULI,"SBI Life, LIC face least impact from new commission caps by IRDAI, says Harshal Mehta - CNBC TV18",GENERAL_MACRO,0.0,TIER_3_FINANCIAL_MEDIA,54f6d3929e3d,UNIQUE_OR_CANONICAL
BAJFINANCE,Is this best time to buy your dream house?: Banks may soon increase home loan interest rates; fixed rate vs... - bhaskarenglish.in,GENERAL_MACRO,0.0,TIER_3_FINANCIAL_MEDIA,2fd30578105c,UNIQUE_OR_CANONICAL
ADANIENT,Supreme Court Rejects Plea Against Forensic Audit Into Transactions Of Fortis In Daiichi Sankyo Case - verdictum.in,GENERAL_MACRO,0.0,TIER_3_FINANCIAL_MEDIA,c13c8327653e,UNIQUE_OR_CANONICAL
SBIN,"SBI Life, LIC face least impact from new commission caps by IRDAI, says Harshal Mehta - CNBC TV18",GENERAL_MACRO,0.0,TIER_3_FINANCIAL_MEDIA,54f6d3929e3d,UNIQUE_OR_CANONICAL
KOTAKBANK,Is this best time to buy your dream house?: Banks may soon increase home loan interest rates; fixed rate vs... - bhaskarenglish.in,GENERAL_MACRO,0.0,TIER_3_FINANCIAL_MEDIA,2fd30578105c,UNIQUE_OR_CANONICAL
DABUR,Supreme Court Rejects Plea Against Forensic Audit Into Transactions Of Fortis In Daiichi Sankyo Case - verdictum.in,GENERAL_MACRO,0.0,TIER_3_FINANCIAL_MEDIA,c13c8327653e,UNIQUE_OR_CANONICAL
CHOLAFIN,Is this best time to buy your dream house?: Banks may soon increase home loan interest rates; fixed rate vs... - bhaskarenglish.in,GENERAL_MACRO,0.0,TIER_3_FINANCIAL_MEDIA,2fd30578105c,UNIQUE_OR_CANONICAL
PNB,Is this best time to buy your dream house?: Banks may soon increase home loan interest rates; fixed rate vs... - bhaskarenglish.in,GENERAL_MACRO,0.0,TIER_3_FINANCIAL_MEDIA,2fd30578105c,UNIQUE_OR_CANONICAL
ADANIPORTS,Supreme Court Rejects Plea Against Forensic Audit Into Transactions Of Fortis In Daiichi Sankyo Case - verdictum.in,GENERAL_MACRO,0.0,TIER_3_FINANCIAL_MEDIA,c13c8327653e,UNIQUE_OR_CANONICAL
CANBK,Is this best time to buy your dream house?: Banks may soon increase home loan interest rates; fixed rate vs... - bhaskarenglish.in,GENERAL_MACRO,0.0,TIER_3_FINANCIAL_MEDIA,2fd30578105c,UNIQUE_OR_CANONICAL
SHRIRAMFIN,Is this best time to buy your dream house?: Banks may soon increase home loan interest rates; fixed rate vs... - bhaskarenglish.in,GENERAL_MACRO,0.0,TIER_3_FINANCIAL_MEDIA,2fd30578105c,UNIQUE_OR_CANONICAL
HDFCBANK,Is this best time to buy your dream house?: Banks may soon increase home loan interest rates; fixed rate vs... - bhaskarenglish.in,GENERAL_MACRO,0.0,TIER_3_FINANCIAL_MEDIA,2fd30578105c,UNIQUE_OR_CANONICAL
BANKBARODA,Is this best time to buy your dream house?: Banks may soon increase home loan interest rates; fixed rate vs... - bhaskarenglish.in,GENERAL_MACRO,0.0,TIER_3_FINANCIAL_MEDIA,2fd30578105c,UNIQUE_OR_CANONICAL
BAJFINANCE,"Editor's Picks: The best of Moneycontrol's exclusives, market-moving coverage and must-read perspectives, curated specially for you - MoneyControl - Moneycontrol.com",GENERAL_MACRO,0.0,TIER_3_FINANCIAL_MEDIA,bba9feeabb26,UNIQUE_OR_CANONICAL
BANKBARODA,RBI’s liquidity balancing act moves to the bond market - Policy Circle,GENERAL_MACRO,0.0,TIER_3_FINANCIAL_MEDIA,9f9357ddb065,UNIQUE_OR_CANONICAL
BAJAJFINSV,"Editor's Picks: The best of Moneycontrol's exclusives, market-moving coverage and must-read perspectives, curated specially for you - MoneyControl - Moneycontrol.com",GENERAL_MACRO,0.0,TIER_3_FINANCIAL_MEDIA,bba9feeabb26,UNIQUE_OR_CANONICAL
SBIN,RBI’s liquidity balancing act moves to the bond market - Policy Circle,GENERAL_MACRO,0.0,TIER_3_FINANCIAL_MEDIA,9f9357ddb065,UNIQUE_OR_CANONICAL
CHOLAFIN,Is this best time to buy your dream house?: Banks may soon increase home loan interest rates; fixed rate vs... - bhaskarenglish.in,GENERAL_MACRO,0.0,TIER_3_FINANCIAL_MEDIA,2fd30578105c,UNIQUE_OR_CANONICAL
SHRIRAMFIN,RBI’s liquidity balancing act moves to the bond market - Policy Circle,GENERAL_MACRO,0.0,TIER_3_FINANCIAL_MEDIA,9f9357ddb065,UNIQUE_OR_CANONICAL
KOTAKBANK,"Editor's Picks: The best of Moneycontrol's exclusives, market-moving coverage and must-read perspectives, curated specially for you - MoneyControl - Moneycontrol.com",GENERAL_MACRO,0.0,TIER_3_FINANCIAL_MEDIA,bba9feeabb26,UNIQUE_OR_CANONICAL
CHOLAFIN,"Editor's Picks: The best of Moneycontrol's exclusives, market-moving coverage and must-read perspectives, curated specially for you - MoneyControl - Moneycontrol.com",GENERAL_MACRO,0.0,TIER_3_FINANCIAL_MEDIA,bba9feeabb26,UNIQUE_OR_CANONICAL
ICICIBANK,"Editor's Picks: The best of Moneycontrol's exclusives, market-moving coverage and must-read perspectives, curated specially for you - MoneyControl - Moneycontrol.com",GENERAL_MACRO,0.0,TIER_3_FINANCIAL_MEDIA,bba9feeabb26,UNIQUE_OR_CANONICAL
AXISBANK,RBI’s liquidity balancing act moves to the bond market - Policy Circle,GENERAL_MACRO,0.0,TIER_3_FINANCIAL_MEDIA,9f9357ddb065,UNIQUE_OR_CANONICAL
