rank,symbol,spot_ltp,ce_ltp,ce_spread,ce_rel_spread,ce_oi,pe_ltp,pe_spread,pe_rel_spread,pe_oi,is_illiquid,action_rating
999,FORTIS,837.8,7.45,0.6,0.0805,87575,9.6,0.6,0.0625,140275,False,💥 SEVERE PE BREAKDOWN [AGGRESSIVE SHORT]
999,MAXHEALTH,1013.8,11.45,0.7,0.0611,72450,7.2,0.55,0.0764,127575,False,💥 SEVERE PE BREAKDOWN [AGGRESSIVE SHORT]
999,PAYTM,1673.5,16.8,0.8,0.0476,447325,23.65,0.95,0.0402,531425,False,💥 SEVERE PE BREAKDOWN [AGGRESSIVE SHORT]
999,FEDERALBNK,322.8,3.65,0.5,0.137,1407500,6.0,0.65,0.1083,1855000,False,💥 SEVERE PE BREAKDOWN [AGGRESSIVE SHORT]
999,SUPREMEIND,3540.9,22.2,1.2,0.0541,44100,32.55,4.35,0.1336,26425,False,🚨 GAMMA SQUEEZE ALERT (ACCELERATING CE)
999,IREDA,113.49,1.65,0.09,0.0545,2135800,0.73,0.04,0.0548,1787375,False,🚨 GAMMA SQUEEZE ALERT (ACCELERATING CE)
999,KAYNES,3646.8,43.9,4.45,0.1014,64800,41.15,62.65,1.5225,21450,False,🔥 STRONG CE BREAKOUT [EXPONENTIAL MOMENTUM]
999,ASIANPAINT,2450.8,10.95,1.0,0.0913,292500,22.1,1.75,0.0792,151500,False,🚨 GAMMA SQUEEZE ALERT (ACCELERATING CE)
999,MAHABANK,84.81,0.69,0.27,0.3913,2632500,0.88,0.92,1.0455,2931500,False,🔥 STRONG CE BREAKOUT [EXPONENTIAL MOMENTUM]
999,HYUNDAI,2110.4,14.5,0.35,0.0241,124025,24.95,4.9,0.1964,48400,False,🚨 GAMMA SQUEEZE ALERT (ACCELERATING CE)
999,AXISBANK,1219.8,9.15,0.25,0.0273,1246875,10.05,0.3,0.0299,1181875,False,🚨 GAMMA SQUEEZE ALERT (ACCELERATING CE)
999,RECLTD,313.05,1.65,0.15,0.0909,1245825,3.85,0.3,0.0779,675675,False,🚨 GAMMA SQUEEZE ALERT (ACCELERATING CE)
999,BANDHANBNK,188.25,1.66,0.05,0.0301,3402000,3.42,0.17,0.0497,2383200,False,🔥 STRONG CE BREAKOUT [EXPONENTIAL MOMENTUM]
999,MCX,3322.3,49.55,4.95,0.0999,233325,30.1,1.6,0.0532,355500,False,💥 SEVERE PE BREAKDOWN [AGGRESSIVE SHORT]
999,LAURUSLABS,2002.4,15.7,0.9,0.0573,765000,13.9,1.7,0.1223,408850,False,💥 SEVERE PE BREAKDOWN [AGGRESSIVE SHORT]
999,ABB,7050.0,80.65,10.35,0.1283,29625,40.05,4.9,0.1223,62625,False,💥 SEVERE PE BREAKDOWN [AGGRESSIVE SHORT]
999,M&M,3038.8,15.65,0.4,0.0256,323200,28.15,0.95,0.0337,161600,False,🚨 GAMMA SQUEEZE ALERT (ACCELERATING CE)
999,JUBLFOOD,487.75,3.15,0.3,0.0952,496250,5.3,4.2,0.7925,232500,False,📈 MODERATE CE BIAS
999,RADICO,4553.6,33.1,3.7,0.1118,33750,36.0,15.95,0.4431,29700,False,🚨 GAMMA SQUEEZE ALERT (ACCELERATING CE)
999,TRENT,2672.2,37.7,1.25,0.0332,68400,15.4,1.35,0.0877,102600,False,💥 SEVERE PE BREAKDOWN [AGGRESSIVE SHORT]
999,ZYDUSLIFE,1205.1,6.4,0.3,0.0469,291600,116.4,70.05,0.6018,0,False,🔥 STRONG CE BREAKOUT [EXPONENTIAL MOMENTUM]
999,PIIND,2397.1,16.7,1.7,0.1018,162400,21.75,1.65,0.0759,122325,False,🚨 GAMMA SQUEEZE ALERT (ACCELERATING CE)
999,NMDC,79.87,0.52,0.04,0.0769,2160000,0.63,0.16,0.254,3786750,False,💥 SEVERE PE BREAKDOWN [AGGRESSIVE SHORT]
999,TMPV,290.95,2.8,0.25,0.0893,1056000,2.0,0.15,0.075,2851200,False,💥 SEVERE PE BREAKDOWN [AGGRESSIVE SHORT]
999,TVSMOTOR,4157.1,34.85,2.95,0.0846,146825,28.25,2.65,0.0938,62825,False,🚨 GAMMA SQUEEZE ALERT (ACCELERATING CE)
999,BHARTIARTL,1790.3,5.55,0.25,0.045,1003675,15.85,0.8,0.0505,583775,False,💥 SEVERE PE BREAKDOWN [AGGRESSIVE SHORT]
999,INOXWIND,75.06,0.63,0.18,0.2857,9868800,0.57,0.25,0.4386,7436800,False,🔥 STRONG CE BREAKOUT [EXPONENTIAL MOMENTUM]
999,NAUKRI,1254.0,8.15,0.35,0.0429,180950,13.8,1.45,0.1051,123750,False,🚨 GAMMA SQUEEZE ALERT (ACCELERATING CE)
999,HEROMOTOCO,5378.5,35.25,2.1,0.0596,226800,59.15,3.55,0.06,147600,False,🚨 GAMMA SQUEEZE ALERT (ACCELERATING CE)
999,TATAPOWER,367.2,3.7,0.25,0.0676,1405050,1.8,0.2,0.1111,1371700,False,📈 MODERATE CE BIAS
999,DMART,3824.0,42.85,3.5,0.0817,103950,21.65,1.8,0.0831,167250,False,🚨 GAMMA SQUEEZE ALERT (ACCELERATING CE)
999,MOTILALOFS,1034.4,9.0,0.65,0.0722,326275,14.2,2.15,0.1514,200725,False,🚨 GAMMA SQUEEZE ALERT (ACCELERATING CE)
999,MARICO,817.35,4.05,0.4,0.0988,276000,6.75,0.7,0.1037,217200,False,⚡ BEARISH PE SURGE [HIGH CONVICTION]
999,INFY,1001.4,8.85,0.3,0.0339,1672400,8.3,0.15,0.0181,1388400,False,💥 SEVERE PE BREAKDOWN [AGGRESSIVE SHORT]
999,KOTAKBANK,402.9,2.2,0.1,0.0455,1912000,4.3,0.25,0.0581,2382000,False,💥 SEVERE PE BREAKDOWN [AGGRESSIVE SHORT]
999,ICICIGI,1553.6,11.0,1.7,0.1545,125775,16.75,3.6,0.2149,90675,False,💥 SEVERE PE BREAKDOWN [AGGRESSIVE SHORT]
999,POLICYBZR,1171.3,30.3,0.8,0.0264,397600,38.8,0.8,0.0206,254450,False,💥 SEVERE PE BREAKDOWN [AGGRESSIVE SHORT]
999,PERSISTENT,5375.5,41.05,1.55,0.0378,205250,66.2,4.8,0.0725,143875,False,🚨 GAMMA SQUEEZE ALERT (ACCELERATING CE)
999,TORNTPHARM,4975.5,27.7,5.0,0.1805,134375,50.7,18.8,0.3708,34125,False,🚨 GAMMA SQUEEZE ALERT (ACCELERATING CE)
999,PREMIERENE,900.1,9.0,1.05,0.1167,865150,7.8,2.8,0.359,765050,False,🚨 GAMMA SQUEEZE ALERT (ACCELERATING CE)
999,DELHIVERY,422.55,2.35,0.15,0.0638,398400,5.05,1.15,0.2277,369350,False,💥 SEVERE PE BREAKDOWN [AGGRESSIVE SHORT]
999,WAAREEENER,2496.7,20.9,1.05,0.0502,221550,25.25,9.0,0.3564,148400,False,🚨 GAMMA SQUEEZE ALERT (ACCELERATING CE)
999,INDIGO,4949.5,61.2,5.05,0.0825,652500,15.9,0.6,0.0377,503700,False,🚨 GAMMA SQUEEZE ALERT (ACCELERATING CE)
999,BIOCON,382.15,3.8,0.45,0.1184,612500,2.1,0.2,0.0952,2492500,False,💥 SEVERE PE BREAKDOWN [AGGRESSIVE SHORT]
999,MOTHERSON,165.54,1.58,0.09,0.057,4249650,1.1,0.11,0.1,1678950,False,📈 MODERATE CE BIAS
999,HAVELLS,1095.8,7.25,0.5,0.069,323000,11.55,1.0,0.0866,185500,False,🚨 GAMMA SQUEEZE ALERT (ACCELERATING CE)
999,LTM,4080.5,37.4,2.7,0.0722,85650,55.35,4.3,0.0777,93150,False,🚨 GAMMA SQUEEZE ALERT (ACCELERATING CE)
999,ADANIGREEN,1293.5,11.5,0.7,0.0609,610800,18.5,1.3,0.0703,380400,False,🚨 GAMMA SQUEEZE ALERT (ACCELERATING CE)
999,ONGC,235.37,1.34,0.08,0.0597,3078000,1.04,0.12,0.1154,2526750,False,💥 SEVERE PE BREAKDOWN [AGGRESSIVE SHORT]
999,IEX,112.72,1.19,0.11,0.0924,1065750,0.86,0.14,0.1628,556800,False,📈 MODERATE CE BIAS
999,BAJAJHLDNG,11016.0,85.8,0.0,0.0,8850,120.75,363.0,3.0062,7125,False,🚨 GAMMA SQUEEZE ALERT (ACCELERATING CE)
999,DLF,680.65,4.95,0.55,0.1111,1302450,4.65,0.15,0.0323,861650,False,🚨 GAMMA SQUEEZE ALERT (ACCELERATING CE)
999,INDIANB,834.5,9.45,0.35,0.037,193000,5.55,1.45,0.2613,307000,False,⚡ BULLISH CE ACCUMULATION [HIGH CONVICTION]
999,ICICIBANK,1328.3,6.55,0.2,0.0305,1191400,8.8,0.25,0.0284,853300,False,⚡ BEARISH PE SURGE [HIGH CONVICTION]
999,SONACOMS,825.8,6.45,0.95,0.1473,447125,10.75,3.65,0.3395,187425,False,⚡ BULLISH CE ACCUMULATION [HIGH CONVICTION]
999,HDFCBANK,736.15,4.35,0.05,0.0115,20125300,8.8,0.2,0.0227,8149700,False,🚨 GAMMA SQUEEZE ALERT (ACCELERATING CE)
999,SBILIFE,1745.3,15.4,2.65,0.1721,119625,10.75,1.5,0.1395,114000,False,💥 SEVERE PE BREAKDOWN [AGGRESSIVE SHORT]
999,PGEL,519.55,4.35,0.45,0.1034,358150,4.8,0.65,0.1354,324900,False,⚡ BULLISH CE ACCUMULATION [HIGH CONVICTION]
999,OIL,473.35,3.75,1.25,0.3333,299600,5.75,1.9,0.3304,183400,False,💥 SEVERE PE BREAKDOWN [AGGRESSIVE SHORT]
999,SBICARD,610.85,6.3,0.45,0.0714,97600,5.6,0.45,0.0804,198400,False,💥 SEVERE PE BREAKDOWN [AGGRESSIVE SHORT]
999,POWERINDIA,30990.0,303.6,42.8,0.141,18750,289.65,23.95,0.0827,18775,False,🚨 GAMMA SQUEEZE ALERT (ACCELERATING CE)
999,VBL,434.55,6.35,0.4,0.063,3016650,2.05,0.3,0.1463,1417800,False,⏸️ NEUTRAL / RANGEBOUND PINNING
999,INDUSTOWER,375.1,2.95,0.35,0.1186,554200,3.0,0.65,0.2167,1230800,False,💥 SEVERE PE BREAKDOWN [AGGRESSIVE SHORT]
999,PNB,116.55,0.71,0.03,0.0423,5272000,1.2,0.3,0.25,3456000,False,💥 SEVERE PE BREAKDOWN [AGGRESSIVE SHORT]
999,VMM,103.56,1.71,0.35,0.2047,635350,0.72,0.11,0.1528,1231900,False,💥 SEVERE PE BREAKDOWN [AGGRESSIVE SHORT]
999,APOLLOHOSP,8878.5,37.8,2.4,0.0635,104625,59.65,8.05,0.135,67750,False,⚡ BEARISH PE SURGE [HIGH CONVICTION]
999,LT,3883.3,21.0,0.95,0.0452,413525,38.75,1.25,0.0323,441875,False,🚨 GAMMA SQUEEZE ALERT (ACCELERATING CE)
999,HCLTECH,1263.9,11.8,0.4,0.0339,844400,9.15,0.55,0.0601,407200,False,🚨 GAMMA SQUEEZE ALERT (ACCELERATING CE)
999,OBEROIRLTY,1860.4,16.65,1.0,0.0601,93100,15.7,1.35,0.086,45850,False,🚨 GAMMA SQUEEZE ALERT (ACCELERATING CE)
999,GODREJPROP,1698.6,12.45,0.65,0.0522,238875,14.95,0.95,0.0635,321425,False,🚨 GAMMA SQUEEZE ALERT (ACCELERATING CE)
999,CANBK,124.91,1.01,0.06,0.0594,7128000,1.07,0.07,0.0654,7998750,False,💥 SEVERE PE BREAKDOWN [AGGRESSIVE SHORT]
999,CROMPTON,218.5,1.5,0.12,0.08,769700,2.86,1.17,0.4091,670800,False,💥 SEVERE PE BREAKDOWN [AGGRESSIVE SHORT]
999,PIDILITIND,1515.4,9.65,1.25,0.1295,55000,15.35,2.65,0.1726,74000,False,⚡ BEARISH PE SURGE [HIGH CONVICTION]
999,NBCC,82.94,1.03,0.04,0.0388,1014000,0.58,0.43,0.7414,968500,False,📈 MODERATE CE BIAS
999,CONCOR,461.9,4.4,1.0,0.2273,280000,2.95,1.45,0.4915,345000,False,💥 SEVERE PE BREAKDOWN [AGGRESSIVE SHORT]
999,LICHSGFIN,567.4,0.7,1.1,1.5714,1061000,6.0,4.3,0.7167,293000,False,🚨 GAMMA SQUEEZE ALERT (ACCELERATING CE)
999,ALKEM,5282.0,33.55,4.75,0.1416,23875,49.45,8.35,0.1689,23125,False,💥 SEVERE PE BREAKDOWN [AGGRESSIVE SHORT]
999,ADANIPORTS,1788.8,14.6,1.4,0.0959,664050,5.75,0.45,0.0783,722475,False,🚨 GAMMA SQUEEZE ALERT (ACCELERATING CE)
999,POWERGRID,268.6,2.2,0.25,0.1136,649800,1.25,0.15,0.12,780900,False,⏸️ NEUTRAL / RANGEBOUND PINNING
999,BAJAJ-AUTO,11321.0,60.75,0.5,0.0082,40125,42.0,1.95,0.0464,98325,False,⚡ BULLISH CE ACCUMULATION [HIGH CONVICTION]
999,MAZDOCK,2202.2,21.8,0.6,0.0275,152775,19.8,1.2,0.0606,290925,False,🔥 STRONG CE BREAKOUT [EXPONENTIAL MOMENTUM]
999,COALINDIA,425.2,1.75,0.15,0.0857,6613650,1.9,0.2,0.1053,3029400,False,🚨 GAMMA SQUEEZE ALERT (ACCELERATING CE)
999,ANGELONE,289.15,2.55,0.1,0.0392,1570000,3.6,0.35,0.0972,997500,False,💥 SEVERE PE BREAKDOWN [AGGRESSIVE SHORT]
999,MFSL,1452.6,12.75,0.5,0.0392,199600,20.45,1.55,0.0758,89200,False,🚨 GAMMA SQUEEZE ALERT (ACCELERATING CE)
999,BPCL,309.6,2.65,0.3,0.1132,1127725,3.35,0.4,0.1194,975650,False,🚨 GAMMA SQUEEZE ALERT (ACCELERATING CE)
999,VOLTAS,1115.8,9.1,0.55,0.0604,242250,13.25,0.65,0.0491,196875,False,🚨 GAMMA SQUEEZE ALERT (ACCELERATING CE)
999,LODHA,1170.8,6.1,0.65,0.1066,340625,15.75,1.2,0.0762,113750,False,🚨 GAMMA SQUEEZE ALERT (ACCELERATING CE)
999,TATAELXSI,3193.9,25.55,2.4,0.0939,65750,31.6,2.0,0.0633,67500,False,🚨 GAMMA SQUEEZE ALERT (ACCELERATING CE)
999,HINDALCO,976.6,5.2,0.2,0.0385,1285200,9.1,0.55,0.0604,1407000,False,💥 SEVERE PE BREAKDOWN [AGGRESSIVE SHORT]
999,BAJFINANCE,995.5,5.0,0.15,0.03,2265000,10.0,0.35,0.035,1369500,False,🚨 GAMMA SQUEEZE ALERT (ACCELERATING CE)
999,NYKAA,332.5,3.8,1.7,0.4474,515625,1.55,0.4,0.2581,668750,False,⚡ BEARISH PE SURGE [HIGH CONVICTION]
999,OFSS,10785.0,137.15,5.9,0.043,35900,129.1,5.45,0.0422,57700,False,⚡ BEARISH PE SURGE [HIGH CONVICTION]
999,HINDUNILVR,1937.2,9.15,0.5,0.0546,267900,12.1,0.7,0.0579,263700,False,🚨 GAMMA SQUEEZE ALERT (ACCELERATING CE)
999,CAMS,706.95,5.25,0.9,0.1714,205425,8.25,1.9,0.2303,132825,False,💥 SEVERE PE BREAKDOWN [AGGRESSIVE SHORT]
999,MUTHOOTFIN,2836.8,17.6,1.05,0.0597,338250,33.65,2.15,0.0639,242275,False,🚨 GAMMA SQUEEZE ALERT (ACCELERATING CE)
999,ADANIENT,2920.2,35.2,0.7,0.0199,684126,16.0,0.85,0.0531,564543,False,🚨 GAMMA SQUEEZE ALERT (ACCELERATING CE)
999,TITAN,4873.0,30.3,3.05,0.1007,174125,9.0,0.45,0.05,300825,False,🚨 GAMMA SQUEEZE ALERT (ACCELERATING CE)
999,JSWENERGY,507.9,3.2,0.5,0.1562,323575,5.55,1.2,0.2162,230050,False,💥 SEVERE PE BREAKDOWN [AGGRESSIVE SHORT]
999,BHARATFORG,2005.7,16.9,1.25,0.074,532500,12.4,1.15,0.0927,484500,False,🚨 GAMMA SQUEEZE ALERT (ACCELERATING CE)
999,MANKIND,2472.9,13.55,1.2,0.0886,47500,21.35,1.55,0.0726,25250,False,⚡ BEARISH PE SURGE [HIGH CONVICTION]
999,ADANIPOWER,203.15,0.96,0.05,0.0521,5978200,2.9,0.37,0.1276,2903900,False,📈 MODERATE CE BIAS
999,CHOLAFIN,1664.1,15.3,1.05,0.0686,131250,13.7,2.95,0.2153,139375,False,💥 SEVERE PE BREAKDOWN [AGGRESSIVE SHORT]
999,SOLARINDS,19685.0,205.35,20.0,0.0974,31150,275.55,111.3,0.4039,23400,False,🚨 GAMMA SQUEEZE ALERT (ACCELERATING CE)
999,GODREJCP,878.2,5.15,0.7,0.1359,321000,7.6,2.45,0.3224,244000,False,🚨 GAMMA SQUEEZE ALERT (ACCELERATING CE)
999,GRASIM,3181.3,14.55,1.3,0.0893,36750,14.75,1.15,0.078,41750,False,🚨 GAMMA SQUEEZE ALERT (ACCELERATING CE)
999,TCS,2086.7,21.6,0.75,0.0347,203850,16.2,0.9,0.0556,245925,False,🚨 GAMMA SQUEEZE ALERT (ACCELERATING CE)
999,TECHM,1554.2,9.5,0.65,0.0684,451800,15.35,0.9,0.0586,357600,False,🚨 GAMMA SQUEEZE ALERT (ACCELERATING CE)
999,PFC,339.15,2.25,0.15,0.0667,731900,3.4,0.25,0.0735,863200,False,💥 SEVERE PE BREAKDOWN [AGGRESSIVE SHORT]
999,INDUSINDBK,914.8,10.4,1.95,0.1875,221900,6.35,0.95,0.1496,289800,False,⚡ BEARISH PE SURGE [HIGH CONVICTION]
999,ICICIPRULI,463.45,3.25,0.35,0.1077,508750,4.8,0.8,0.1667,209975,False,💥 SEVERE PE BREAKDOWN [AGGRESSIVE SHORT]
999,LTF,284.85,2.95,0.05,0.0169,1390500,3.3,0.15,0.0455,3858750,False,🚨 GAMMA SQUEEZE ALERT (ACCELERATING CE)
999,ASHOKLEY,159.09,1.0,0.05,0.05,7195000,1.9,0.11,0.0579,8020000,False,⚡ BULLISH CE ACCUMULATION [HIGH CONVICTION]
999,APLAPOLLO,2211.0,9.5,1.1,0.1158,84700,19.05,18.3,0.9606,40950,False,⏸️ NEUTRAL / RANGEBOUND PINNING
999,BSE,3187.1,26.1,0.6,0.023,1047200,38.75,1.35,0.0348,878600,False,🚨 GAMMA SQUEEZE ALERT (ACCELERATING CE)
999,ABCAPITAL,388.65,2.4,0.2,0.0833,849400,4.0,0.3,0.075,480500,False,💥 SEVERE PE BREAKDOWN [AGGRESSIVE SHORT]
999,PAGEIND,37785.0,196.45,15.35,0.0781,7980,422.0,33.05,0.0783,2100,False,⏸️ NEUTRAL / RANGEBOUND PINNING
999,ETERNAL,335.0,2.25,0.2,0.0889,7840025,2.35,0.2,0.0851,3964875,False,💥 SEVERE PE BREAKDOWN [AGGRESSIVE SHORT]
999,RBLBANK,415.25,2.85,0.25,0.0877,1152525,2.7,0.35,0.1296,1193800,False,🚨 GAMMA SQUEEZE ALERT (ACCELERATING CE)
999,FORCEMOT,17337.0,90.75,3.0,0.0331,17250,241.75,364.25,1.5067,10750,False,⏸️ NEUTRAL / RANGEBOUND PINNING
999,NESTLEIND,1360.4,9.5,0.6,0.0632,252500,8.95,0.9,0.1006,111500,False,🚨 GAMMA SQUEEZE ALERT (ACCELERATING CE)
999,KEI,4672.5,20.75,2.25,0.1084,168525,49.15,4.45,0.0905,112000,False,🚨 GAMMA SQUEEZE ALERT (ACCELERATING CE)
999,AMBUJACEM,385.75,3.3,0.75,0.2273,291600,2.95,1.45,0.4915,246000,False,🚨 GAMMA SQUEEZE ALERT (ACCELERATING CE)
999,AUBANK,1016.6,4.55,0.45,0.0989,1250000,8.45,2.6,0.3077,1005000,False,⚡ BULLISH CE ACCUMULATION [HIGH CONVICTION]
999,RVNL,207.26,3.17,0.59,0.1861,739200,1.05,0.07,0.0667,629475,False,📈 MODERATE CE BIAS
999,DRREDDY,1203.7,9.55,0.75,0.0785,1115625,6.65,0.15,0.0226,653125,False,⚡ BEARISH PE SURGE [HIGH CONVICTION]
999,GVT&D,4290.5,33.8,1.85,0.0547,218125,39.25,1.85,0.0471,364375,False,📉 MODERATE PE BIAS
999,SHRIRAMFIN,993.3,5.4,0.85,0.1574,1265550,12.8,2.7,0.2109,781275,False,📉 MODERATE PE BIAS
999,BEL,392.6,1.65,0.15,0.0909,2358375,4.1,0.2,0.0488,1588875,False,💥 SEVERE PE BREAKDOWN [AGGRESSIVE SHORT]
999,BRITANNIA,4927.5,13.7,1.6,0.1168,67125,37.7,3.6,0.0955,45500,False,🚨 GAMMA SQUEEZE ALERT (ACCELERATING CE)
999,BAJAJFINSV,1772.3,9.15,0.6,0.0656,264600,16.8,1.5,0.0893,108300,False,🚨 GAMMA SQUEEZE ALERT (ACCELERATING CE)
999,MARUTI,12091.0,58.2,0.9,0.0155,93550,74.9,2.75,0.0367,118250,False,⚡ BULLISH CE ACCUMULATION [HIGH CONVICTION]
999,SWIGGY,265.95,3.45,0.2,0.058,1465475,2.55,0.4,0.1569,1635200,False,💥 SEVERE PE BREAKDOWN [AGGRESSIVE SHORT]
999,CIPLA,1402.1,9.75,1.05,0.1077,403325,8.65,1.65,0.1908,268600,False,⚡ BEARISH PE SURGE [HIGH CONVICTION]
999,KALYANKJIL,572.0,6.9,0.5,0.0725,623700,4.95,0.4,0.0808,781650,False,⚡ BEARISH PE SURGE [HIGH CONVICTION]
999,AUROPHARMA,1713.0,9.9,0.55,0.0556,415250,19.6,1.8,0.0918,128700,False,⚡ BEARISH PE SURGE [HIGH CONVICTION]
999,ITC,269.1,0.8,0.1,0.125,12288900,1.95,0.15,0.0769,4457400,False,🚨 GAMMA SQUEEZE ALERT (ACCELERATING CE)
999,SUNPHARMA,1855.7,9.0,0.55,0.0611,456400,14.35,0.85,0.0592,821450,False,🚨 GAMMA SQUEEZE ALERT (ACCELERATING CE)
999,EICHERMOT,7365.5,23.65,1.05,0.0444,67600,60.1,5.8,0.0965,124900,False,🚨 GAMMA SQUEEZE ALERT (ACCELERATING CE)
999,MIDCPNIFTY,14038.9,73.25,2.4,0.0328,261360,86.65,3.7,0.0427,180360,False,⚡ BEARISH PE SURGE [HIGH CONVICTION]
999,SRF,2533.3,11.65,1.1,0.0944,144000,28.0,9.75,0.3482,64200,False,📈 MODERATE CE BIAS
999,RELIANCE,1227.5,5.95,0.05,0.0084,1796500,9.2,0.2,0.0217,1102500,False,📈 MODERATE CE BIAS
999,PATANJALI,404.75,4.4,0.3,0.0682,380550,4.35,0.3,0.069,332175,False,💥 SEVERE PE BREAKDOWN [AGGRESSIVE SHORT]
999,NTPC,325.9,1.95,0.25,0.1282,3474000,1.25,0.05,0.04,1515000,False,⚡ BEARISH PE SURGE [HIGH CONVICTION]
999,DIXON,13407.0,92.75,1.45,0.0156,225200,190.6,8.35,0.0438,113200,False,⏸️ NEUTRAL / RANGEBOUND PINNING
999,ATHERENERG,1499.6,16.95,1.45,0.0855,312000,17.5,1.4,0.08,221625,False,📉 MODERATE PE BIAS
999,CGPOWER,885.4,10.4,1.25,0.1202,426700,5.15,1.45,0.2816,438600,False,📉 MODERATE PE BIAS
999,FINNIFTY,25131.6,123.35,18.95,0.1536,13440,139.65,12.75,0.0913,8280,False,📉 MODERATE PE BIAS
999,GODFRYPHLP,1977.7,11.25,1.55,0.1378,84150,33.0,3.35,0.1015,95425,False,📈 MODERATE CE BIAS
999,HAL,4795.4,29.25,1.5,0.0513,167850,34.35,8.3,0.2416,125250,False,⏸️ NEUTRAL / RANGEBOUND PINNING
999,ADANIENSOL,1339.1,12.1,0.75,0.062,248400,12.4,0.95,0.0766,176175,False,📉 MODERATE PE BIAS
999,TATACONSUM,984.4,8.85,1.8,0.2034,141350,4.45,1.5,0.3371,132550,False,📉 MODERATE PE BIAS
999,SBIN,982.4,6.2,0.25,0.0403,1728750,4.4,0.2,0.0455,2061000,False,⏸️ NEUTRAL / RANGEBOUND PINNING
999,NIFTY,23186.7,89.15,0.95,0.0107,9387040,100.1,0.95,0.0095,6103500,False,📉 MODERATE PE BIAS
999,COFORGE,1785.0,15.1,1.8,0.1192,497800,11.0,2.5,0.2273,546725,False,⏸️ NEUTRAL / RANGEBOUND PINNING
999,POLYCAB,8402.0,46.1,4.3,0.0933,121625,46.4,5.35,0.1153,93500,False,⏸️ NEUTRAL / RANGEBOUND PINNING
999,DIVISLAB,9620.0,74.2,3.75,0.0505,116300,60.95,1.75,0.0287,85500,False,⏸️ NEUTRAL / RANGEBOUND PINNING
999,NATIONALUM,359.0,2.2,0.2,0.0909,2670000,3.05,0.35,0.1148,4096875,False,⚡ BULLISH CE ACCUMULATION [HIGH CONVICTION]
999,BANKNIFTY,55663.6,262.6,2.1,0.008,343290,297.1,6.4,0.0215,260700,False,⏸️ NEUTRAL / RANGEBOUND PINNING
999,INDHOTEL,727.9,3.95,0.8,0.2025,449000,6.45,1.15,0.1783,365000,False,⏸️ NEUTRAL / RANGEBOUND PINNING
999,IDEA,14.24,0.27,0.03,0.1111,205204725,0.04,0.01,0.2,240441900,False,🚨 GAMMA SQUEEZE ALERT (ACCELERATING CE)
999,DABUR,385.35,2.7,0.2,0.0741,425000,2.7,0.25,0.0926,426250,False,⏸️ NEUTRAL / RANGEBOUND PINNING
999,JIOFIN,227.49,1.85,0.2,0.1081,1872950,1.97,0.25,0.1269,1280750,False,⚡ BEARISH PE SURGE [HIGH CONVICTION]
999,PRESTIGE,1477.1,9.4,1.9,0.2021,111600,13.4,7.8,0.5821,108900,False,⏸️ NEUTRAL / RANGEBOUND PINNING
999,HINDZINC,590.45,5.5,0.3,0.0545,1052275,5.5,0.3,0.0545,1173550,False,⏸️ NEUTRAL / RANGEBOUND PINNING
999,HDFCLIFE,530.5,5.9,0.3,0.0508,1430000,5.55,0.4,0.0721,2161500,False,📈 MODERATE CE BIAS
999,BHEL,416.9,5.0,0.3,0.06,897750,2.25,0.2,0.0889,1023750,False,⏸️ NEUTRAL / RANGEBOUND PINNING
999,HINDPETRO,351.95,4.65,1.2,0.2581,147825,3.5,1.05,0.3,245025,False,⚡ BULLISH CE ACCUMULATION [HIGH CONVICTION]
999,LICI,408.45,2.15,0.2,0.093,1857800,3.9,0.4,0.1026,1058400,False,⏸️ NEUTRAL / RANGEBOUND PINNING
999,SAGILITY,44.69,0.21,0.01,0.0476,5352000,0.53,0.1,0.1887,5112000,False,💥 SEVERE PE BREAKDOWN [AGGRESSIVE SHORT]
999,VEDL,265.25,2.05,0.15,0.0732,2210300,2.0,0.2,0.1,3972100,False,⏸️ NEUTRAL / RANGEBOUND PINNING
999,BANKBARODA,235.17,1.5,0.13,0.0867,2872350,1.46,0.14,0.0959,5159700,False,📈 MODERATE CE BIAS
999,UNIONBANK,179.71,0.71,0.07,0.0986,4964850,1.21,0.22,0.1818,6305625,False,📈 MODERATE CE BIAS
999,GAIL,173.24,1.42,0.48,0.338,1185700,0.86,0.13,0.1512,1136000,False,📉 MODERATE PE BIAS
999,IDFCFIRSTB,83.68,0.6,0.03,0.05,6863500,0.91,0.06,0.0659,4628225,False,⚡ BEARISH PE SURGE [HIGH CONVICTION]
999,BANKINDIA,137.71,1.13,0.39,0.3451,1461200,0.95,0.31,0.3263,1112800,False,📉 MODERATE PE BIAS
999,PETRONET,286.55,2.95,0.75,0.2542,843600,1.4,0.1,0.0714,1010800,False,⏸️ NEUTRAL / RANGEBOUND PINNING
999,SUZLON,40.86,0.45,0.02,0.0444,5588000,0.59,0.02,0.0339,3492500,False,📉 MODERATE PE BIAS
999,TATASTEEL,188.27,1.96,0.1,0.051,4468750,1.32,0.05,0.0379,6850250,False,⏸️ NEUTRAL / RANGEBOUND PINNING
999,GMRAIRPORT,97.85,0.83,0.15,0.1807,1973925,0.99,0.75,0.7576,3557250,False,📈 MODERATE CE BIAS
999,IRFC,79.85,0.55,0.06,0.1091,2387000,0.71,0.2,0.2817,2446675,False,📉 MODERATE PE BIAS
999,WIPRO,164.62,1.07,0.09,0.0841,6852000,1.56,0.15,0.0962,5355000,False,⏸️ NEUTRAL / RANGEBOUND PINNING
999,IOC,136.04,1.49,0.45,0.302,3943875,0.56,0.08,0.1429,3383250,False,⏸️ NEUTRAL / RANGEBOUND PINNING
999,NHPC,76.28,0.63,0.14,0.2222,1862600,0.37,0.06,0.1622,2335200,False,⏸️ NEUTRAL / RANGEBOUND PINNING
999,YESBANK,22.51,0.04,0.02,0.4,72431900,0.53,0.07,0.1321,56913000,True,⚠️ ILLIQUID / WIDE SPREAD [AVOID]
999,JINDALSTEL,1161.8,8.55,2.35,0.2749,321875,7.8,1.8,0.2308,466875,True,⚠️ ILLIQUID / WIDE SPREAD [AVOID]
999,BDL,1143.4,12.05,0.8,0.0664,223975,9.0,2.6,0.2889,281350,True,⚠️ ILLIQUID / WIDE SPREAD [AVOID]
999,NAM-INDIA,1156.5,8.3,2.5,0.3012,211875,10.95,3.5,0.3196,123750,True,⚠️ ILLIQUID / WIDE SPREAD [AVOID]
999,ASTRAL,1399.0,9.15,2.65,0.2896,258825,11.05,2.6,0.2353,135150,True,⚠️ ILLIQUID / WIDE SPREAD [AVOID]
999,CDSL,1322.3,11.1,3.15,0.2838,183825,9.95,2.05,0.206,368125,True,⚠️ ILLIQUID / WIDE SPREAD [AVOID]
999,JSWSTEEL,1275.3,7.35,0.5,0.068,473850,13.15,3.45,0.2624,443475,True,⚠️ ILLIQUID / WIDE SPREAD [AVOID]
999,COCHINSHIP,1377.8,8.15,2.75,0.3374,379200,12.55,9.4,0.749,150800,True,⚠️ ILLIQUID / WIDE SPREAD [AVOID]
999,UPL,550.6,4.7,2.1,0.4468,338750,4.4,1.75,0.3977,563680,True,⚠️ ILLIQUID / WIDE SPREAD [AVOID]
999,360ONE,1075.7,6.85,1.85,0.2701,175500,11.55,3.85,0.3333,115500,True,⚠️ ILLIQUID / WIDE SPREAD [AVOID]
999,KPITTECH,519.75,4.25,1.0,0.2353,475075,4.75,2.45,0.5158,113925,True,⚠️ ILLIQUID / WIDE SPREAD [AVOID]
999,PNBHOUSING,1092.6,6.4,0.9,0.1406,183950,14.05,4.85,0.3452,150150,True,⚠️ ILLIQUID / WIDE SPREAD [AVOID]
999,GLENMARK,2374.4,20.05,8.15,0.4065,73500,21.65,5.95,0.2748,19125,True,⚠️ ILLIQUID / WIDE SPREAD [AVOID]
999,BLUESTARCO,1566.1,14.55,5.85,0.4021,160875,11.65,2.0,0.1717,135525,True,⚠️ ILLIQUID / WIDE SPREAD [AVOID]
999,LUPIN,2091.9,9.2,1.25,0.1359,251175,16.5,6.2,0.3758,345100,True,⚠️ ILLIQUID / WIDE SPREAD [AVOID]
999,KFINTECH,892.75,5.5,2.1,0.3818,233450,13.35,5.85,0.4382,184000,True,⚠️ ILLIQUID / WIDE SPREAD [AVOID]
999,PHOENIXLTD,1975.3,11.15,5.9,0.5291,31150,18.1,11.7,0.6464,26250,True,⚠️ ILLIQUID / WIDE SPREAD [AVOID]
999,TIINDIA,2518.2,97.2,46.95,0.483,6800,13.3,6.45,0.485,57800,True,⚠️ ILLIQUID / WIDE SPREAD [AVOID]
999,UNOMINDA,1221.0,9.15,1.7,0.1858,106700,8.9,5.7,0.6404,96250,True,⚠️ ILLIQUID / WIDE SPREAD [AVOID]
999,COLPAL,1857.3,10.85,3.15,0.2903,229350,14.85,7.4,0.4983,53075,True,⚠️ ILLIQUID / WIDE SPREAD [AVOID]
999,MPHASIS,2232.4,12.2,0.7,0.0574,99825,28.9,9.4,0.3253,75075,True,⚠️ ILLIQUID / WIDE SPREAD [AVOID]
999,CUMMINSIND,4946.5,65.2,13.0,0.1994,63400,17.0,8.2,0.4824,90000,True,⚠️ ILLIQUID / WIDE SPREAD [AVOID]
999,SAIL,184.07,0.55,5.63,10.2364,1555700,3.0,3.88,1.2933,1851800,True,⚠️ ILLIQUID / WIDE SPREAD [AVOID]
999,UNITDSPR,1423.4,11.05,3.45,0.3122,130800,8.25,7.7,0.9333,97200,True,⚠️ ILLIQUID / WIDE SPREAD [AVOID]
999,SIEMENS,3868.0,46.0,15.5,0.337,29575,27.6,12.1,0.4384,28175,True,⚠️ ILLIQUID / WIDE SPREAD [AVOID]
999,MANAPPURAM,333.25,2.95,4.3,1.4576,489000,5.4,4.1,0.7593,267000,True,⚠️ ILLIQUID / WIDE SPREAD [AVOID]
999,HDFCAMC,2379.3,10.3,2.0,0.1942,140100,31.95,16.45,0.5149,134700,True,⚠️ ILLIQUID / WIDE SPREAD [AVOID]
999,AMBER,6987.0,49.05,23.75,0.4842,63800,66.35,25.9,0.3904,53100,True,⚠️ ILLIQUID / WIDE SPREAD [AVOID]
999,ULTRACEMCO,11140.0,86.75,29.8,0.3435,26650,55.8,18.05,0.3235,37900,True,⚠️ ILLIQUID / WIDE SPREAD [AVOID]
999,SHREECEM,22505.0,169.25,76.0,0.449,10425,143.4,215.0,1.4993,7025,True,⚠️ ILLIQUID / WIDE SPREAD [AVOID]
999,BOSCHLTD,48315.0,259.3,6.05,0.0233,9250,498.25,136.1,0.2732,4425,True,⚠️ ILLIQUID / WIDE SPREAD [AVOID]
999,NIFTYNXT50,71878.0,3639.1,599.9,0.1648,0,2806.8,2347.9,0.8365,0,True,⚠️ ILLIQUID / WIDE SPREAD [AVOID]
999,NIFTYFPI,1514.0,97.1,0.0,0.0,0,0.05,19.9,398.0,1100,True,⚠️ ILLIQUID / WIDE SPREAD [AVOID]
