rank,symbol,bias,win_prob,opt_chg_pct,rank_metric,expected_gap_pct,gap_direction,action_rating
0,FORTIS,PUT (PE) BEARISH,97.4,1820.0,0.0,-2.32,GAP-DOWN (PE EXPLOSION),💥 SEVERE PE BREAKDOWN [AGGRESSIVE SHORT]
0,MAXHEALTH,PUT (PE) BEARISH,92.1,433.33,0.0,-1.96,GAP-DOWN (PE EXPLOSION),💥 SEVERE PE BREAKDOWN [AGGRESSIVE SHORT]
0,PAYTM,PUT (PE) BEARISH,96.3,311.3,0.0,-1.91,GAP-DOWN (PE EXPLOSION),💥 SEVERE PE BREAKDOWN [AGGRESSIVE SHORT]
0,FEDERALBNK,PUT (PE) BEARISH,87.3,328.57,0.0,-1.45,GAP-DOWN (PE EXPLOSION),💥 SEVERE PE BREAKDOWN [AGGRESSIVE SHORT]
0,SUPREMEIND,CALL (CE) BULLISH,87.3,279.49,0.0,1.39,GAP-UP (CE EXPLOSION),🚨 GAMMA SQUEEZE ALERT (ACCELERATING CE)
0,IREDA,CALL (CE) BULLISH,92.3,258.7,0.0,1.27,GAP-UP (CE EXPLOSION),🚨 GAMMA SQUEEZE ALERT (ACCELERATING CE)
0,KAYNES,CALL (CE) BULLISH,82.4,248.41,0.0,0.83,GAP-UP (CE EXPLOSION),🔥 STRONG CE BREAKOUT [EXPONENTIAL MOMENTUM]
0,ASIANPAINT,CALL (CE) BULLISH,82.5,236.92,0.0,1.0,GAP-UP (CE EXPLOSION),🚨 GAMMA SQUEEZE ALERT (ACCELERATING CE)
0,MAHABANK,CALL (CE) BULLISH,88.9,200.0,0.0,2.43,GAP-UP (CE EXPLOSION),🔥 STRONG CE BREAKOUT [EXPONENTIAL MOMENTUM]
0,HYUNDAI,CALL (CE) BULLISH,83.3,187.13,0.0,0.91,GAP-UP (CE EXPLOSION),🚨 GAMMA SQUEEZE ALERT (ACCELERATING CE)
0,AXISBANK,CALL (CE) BULLISH,91.0,181.54,0.0,1.69,GAP-UP (CE EXPLOSION),🚨 GAMMA SQUEEZE ALERT (ACCELERATING CE)
0,RECLTD,CALL (CE) BULLISH,77.0,153.85,0.0,0.61,GAP-UP (CE EXPLOSION),🚨 GAMMA SQUEEZE ALERT (ACCELERATING CE)
0,BANDHANBNK,CALL (CE) BULLISH,83.9,127.4,0.0,1.5,GAP-UP (CE EXPLOSION),🔥 STRONG CE BREAKOUT [EXPONENTIAL MOMENTUM]
0,MCX,PUT (PE) BEARISH,89.9,102.01,0.0,-1.4,GAP-DOWN (PE EXPLOSION),💥 SEVERE PE BREAKDOWN [AGGRESSIVE SHORT]
0,LAURUSLABS,PUT (PE) BEARISH,78.4,104.41,0.0,-1.43,GAP-DOWN (PE EXPLOSION),💥 SEVERE PE BREAKDOWN [AGGRESSIVE SHORT]
0,ABB,PUT (PE) BEARISH,81.3,98.27,0.0,-1.47,GAP-DOWN (PE EXPLOSION),💥 SEVERE PE BREAKDOWN [AGGRESSIVE SHORT]
0,M&M,CALL (CE) BULLISH,77.5,95.62,0.0,0.65,GAP-UP (CE EXPLOSION),🚨 GAMMA SQUEEZE ALERT (ACCELERATING CE)
0,JUBLFOOD,CALL (CE) BULLISH,59.1,103.23,0.0,0.55,GAP-UP (CE EXPLOSION),📈 MODERATE CE BIAS
0,RADICO,CALL (CE) BULLISH,91.0,82.87,0.0,1.09,GAP-UP (CE EXPLOSION),🚨 GAMMA SQUEEZE ALERT (ACCELERATING CE)
0,TRENT,PUT (PE) BEARISH,82.8,81.18,0.0,-1.4,GAP-DOWN (PE EXPLOSION),💥 SEVERE PE BREAKDOWN [AGGRESSIVE SHORT]
0,ZYDUSLIFE,CALL (CE) BULLISH,78.9,68.42,0.0,1.21,GAP-UP (CE EXPLOSION),🔥 STRONG CE BREAKOUT [EXPONENTIAL MOMENTUM]
0,PIIND,CALL (CE) BULLISH,77.7,62.93,0.0,0.35,GAP-UP (CE EXPLOSION),🚨 GAMMA SQUEEZE ALERT (ACCELERATING CE)
0,NMDC,PUT (PE) BEARISH,83.1,75.0,0.0,-1.29,GAP-DOWN (PE EXPLOSION),💥 SEVERE PE BREAKDOWN [AGGRESSIVE SHORT]
0,TMPV,PUT (PE) BEARISH,84.2,66.67,0.0,-1.43,GAP-DOWN (PE EXPLOSION),💥 SEVERE PE BREAKDOWN [AGGRESSIVE SHORT]
0,TVSMOTOR,CALL (CE) BULLISH,74.7,64.0,0.0,0.72,GAP-UP (CE EXPLOSION),🚨 GAMMA SQUEEZE ALERT (ACCELERATING CE)
0,BHARTIARTL,PUT (PE) BEARISH,88.3,56.16,0.0,-1.16,GAP-DOWN (PE EXPLOSION),💥 SEVERE PE BREAKDOWN [AGGRESSIVE SHORT]
0,INOXWIND,CALL (CE) BULLISH,82.4,65.79,0.0,1.33,GAP-UP (CE EXPLOSION),🔥 STRONG CE BREAKOUT [EXPONENTIAL MOMENTUM]
0,NAUKRI,CALL (CE) BULLISH,84.3,45.54,0.0,1.45,GAP-UP (CE EXPLOSION),🚨 GAMMA SQUEEZE ALERT (ACCELERATING CE)
0,HEROMOTOCO,CALL (CE) BULLISH,73.8,50.96,0.0,0.83,GAP-UP (CE EXPLOSION),🚨 GAMMA SQUEEZE ALERT (ACCELERATING CE)
0,TATAPOWER,CALL (CE) BULLISH,55.1,60.87,0.0,0.38,GAP-UP (CE EXPLOSION),📈 MODERATE CE BIAS
