rank,symbol,directional_bias,ce_win_prob,pe_win_prob,confidence_pct,intensity_score,expected_gap_pct,action_rating
1,FORTIS,PUT (PE) BEARISH,2.9,97.1,94.4,99,-2.32,💥 SEVERE PE BREAKDOWN [AGGRESSIVE SHORT]
2,MAXHEALTH,PUT (PE) BEARISH,8.3,91.7,89.5,91,-1.96,💥 SEVERE PE BREAKDOWN [AGGRESSIVE SHORT]
3,PAYTM,PUT (PE) BEARISH,4.4,95.6,93.0,99,-1.91,💥 SEVERE PE BREAKDOWN [AGGRESSIVE SHORT]
4,FEDERALBNK,PUT (PE) BEARISH,14.2,85.8,84.2,87,-1.45,💥 SEVERE PE BREAKDOWN [AGGRESSIVE SHORT]
5,SUPREMEIND,CALL (CE) BULLISH,85.6,14.4,84.0,83,1.39,🚨 GAMMA SQUEEZE ALERT (ACCELERATING CE)
6,KAYNES,CALL (CE) BULLISH,78.6,21.4,77.7,99,0.83,🔥 STRONG CE BREAKOUT [EXPONENTIAL MOMENTUM]
7,IREDA,CALL (CE) BULLISH,90.2,9.8,88.2,99,1.27,🚨 GAMMA SQUEEZE ALERT (ACCELERATING CE)
8,ASIANPAINT,CALL (CE) BULLISH,80.7,19.3,79.6,76,1.0,🚨 GAMMA SQUEEZE ALERT (ACCELERATING CE)
9,MAHABANK,CALL (CE) BULLISH,89.5,10.5,87.6,99,2.43,🔥 STRONG CE BREAKOUT [EXPONENTIAL MOMENTUM]
10,HYUNDAI,CALL (CE) BULLISH,80.6,19.4,79.5,87,0.91,🚨 GAMMA SQUEEZE ALERT (ACCELERATING CE)
11,AXISBANK,CALL (CE) BULLISH,90.0,10.0,88.0,83,1.69,🚨 GAMMA SQUEEZE ALERT (ACCELERATING CE)
12,RECLTD,CALL (CE) BULLISH,72.5,27.5,72.2,86,0.61,🚨 GAMMA SQUEEZE ALERT (ACCELERATING CE)
13,MCX,PUT (PE) BEARISH,12.0,88.0,86.2,99,-1.4,💥 SEVERE PE BREAKDOWN [AGGRESSIVE SHORT]
14,BANDHANBNK,CALL (CE) BULLISH,83.5,16.5,82.2,87,1.5,🔥 STRONG CE BREAKOUT [EXPONENTIAL MOMENTUM]
15,LAURUSLABS,PUT (PE) BEARISH,21.9,78.1,77.3,77,-1.43,💥 SEVERE PE BREAKDOWN [AGGRESSIVE SHORT]
16,ABB,PUT (PE) BEARISH,18.7,81.3,80.2,82,-1.47,💥 SEVERE PE BREAKDOWN [AGGRESSIVE SHORT]
17,M&M,CALL (CE) BULLISH,74.0,26.0,73.6,80,0.65,🚨 GAMMA SQUEEZE ALERT (ACCELERATING CE)
18,RADICO,CALL (CE) BULLISH,89.6,10.4,87.6,78,1.09,🚨 GAMMA SQUEEZE ALERT (ACCELERATING CE)
19,TRENT,PUT (PE) BEARISH,17.7,82.3,81.1,84,-1.4,💥 SEVERE PE BREAKDOWN [AGGRESSIVE SHORT]
20,JUBLFOOD,CALL (CE) BULLISH,56.2,43.8,57.6,87,0.55,📈 MODERATE CE BIAS
21,ZYDUSLIFE,CALL (CE) BULLISH,76.3,23.7,75.7,81,1.21,🔥 STRONG CE BREAKOUT [EXPONENTIAL MOMENTUM]
22,PIIND,CALL (CE) BULLISH,72.9,27.1,72.6,86,0.35,🚨 GAMMA SQUEEZE ALERT (ACCELERATING CE)
23,BHARTIARTL,PUT (PE) BEARISH,11.8,88.2,86.4,70,-1.16,💥 SEVERE PE BREAKDOWN [AGGRESSIVE SHORT]
24,TMPV,PUT (PE) BEARISH,15.9,84.1,82.7,82,-1.43,💥 SEVERE PE BREAKDOWN [AGGRESSIVE SHORT]
25,NMDC,PUT (PE) BEARISH,16.7,83.3,82.0,79,-1.29,💥 SEVERE PE BREAKDOWN [AGGRESSIVE SHORT]
26,TVSMOTOR,CALL (CE) BULLISH,71.9,28.1,71.7,75,0.72,🚨 GAMMA SQUEEZE ALERT (ACCELERATING CE)
27,NAUKRI,CALL (CE) BULLISH,82.9,17.1,81.6,84,1.45,🚨 GAMMA SQUEEZE ALERT (ACCELERATING CE)
28,INOXWIND,CALL (CE) BULLISH,81.1,18.9,80.0,88,1.33,🔥 STRONG CE BREAKOUT [EXPONENTIAL MOMENTUM]
29,DMART,CALL (CE) BULLISH,83.2,16.8,81.9,77,1.23,🚨 GAMMA SQUEEZE ALERT (ACCELERATING CE)
30,POLICYBZR,PUT (PE) BEARISH,1.8,98.2,95.4,99,-2.77,💥 SEVERE PE BREAKDOWN [AGGRESSIVE SHORT]
31,INFY,PUT (PE) BEARISH,13.9,86.1,84.5,85,-1.87,💥 SEVERE PE BREAKDOWN [AGGRESSIVE SHORT]
32,HEROMOTOCO,CALL (CE) BULLISH,70.9,29.1,70.8,78,0.83,🚨 GAMMA SQUEEZE ALERT (ACCELERATING CE)
33,MOTILALOFS,CALL (CE) BULLISH,77.0,23.0,76.3,80,1.02,🚨 GAMMA SQUEEZE ALERT (ACCELERATING CE)
34,ICICIGI,PUT (PE) BEARISH,14.6,85.4,83.9,79,-1.67,💥 SEVERE PE BREAKDOWN [AGGRESSIVE SHORT]
35,KOTAKBANK,PUT (PE) BEARISH,20.2,79.8,78.8,82,-1.61,💥 SEVERE PE BREAKDOWN [AGGRESSIVE SHORT]
36,MARICO,PUT (PE) BEARISH,22.6,77.4,76.7,68,-1.04,⚡ BEARISH PE SURGE [HIGH CONVICTION]
37,PERSISTENT,CALL (CE) BULLISH,77.0,23.0,76.3,81,1.27,🚨 GAMMA SQUEEZE ALERT (ACCELERATING CE)
38,PREMIERENE,CALL (CE) BULLISH,78.5,21.5,77.7,81,0.87,🚨 GAMMA SQUEEZE ALERT (ACCELERATING CE)
39,TATAPOWER,NEUTRAL,52.0,48.0,53.8,78,0.38,⏸️ NEUTRAL / RANGEBOUND PINNING
40,INDIGO,CALL (CE) BULLISH,82.6,17.4,81.3,72,0.93,🚨 GAMMA SQUEEZE ALERT (ACCELERATING CE)
41,DELHIVERY,PUT (PE) BEARISH,19.2,80.8,79.7,77,-1.22,💥 SEVERE PE BREAKDOWN [AGGRESSIVE SHORT]
42,TORNTPHARM,CALL (CE) BULLISH,64.6,35.4,65.1,70,0.46,🚨 GAMMA SQUEEZE ALERT (ACCELERATING CE)
43,BAJAJHLDNG,CALL (CE) BULLISH,88.3,11.7,86.5,88,1.78,🚨 GAMMA SQUEEZE ALERT (ACCELERATING CE)
44,BIOCON,PUT (PE) BEARISH,23.5,76.5,75.8,76,-0.85,💥 SEVERE PE BREAKDOWN [AGGRESSIVE SHORT]
45,WAAREEENER,CALL (CE) BULLISH,62.9,37.1,63.6,87,0.35,🚨 GAMMA SQUEEZE ALERT (ACCELERATING CE)
46,LTM,CALL (CE) BULLISH,72.9,27.1,72.6,82,0.71,🚨 GAMMA SQUEEZE ALERT (ACCELERATING CE)
47,HAVELLS,CALL (CE) BULLISH,63.5,36.5,64.2,78,0.47,🚨 GAMMA SQUEEZE ALERT (ACCELERATING CE)
48,ONGC,PUT (PE) BEARISH,16.5,83.5,82.2,72,-1.15,💥 SEVERE PE BREAKDOWN [AGGRESSIVE SHORT]
49,ADANIGREEN,CALL (CE) BULLISH,64.8,35.2,65.3,85,0.42,🚨 GAMMA SQUEEZE ALERT (ACCELERATING CE)
50,DLF,CALL (CE) BULLISH,76.3,23.7,75.7,74,0.66,🚨 GAMMA SQUEEZE ALERT (ACCELERATING CE)
51,ICICIBANK,PUT (PE) BEARISH,23.3,76.7,76.0,65,-0.92,⚡ BEARISH PE SURGE [HIGH CONVICTION]
52,INDIANB,CALL (CE) BULLISH,67.8,32.2,68.0,74,1.09,⚡ BULLISH CE ACCUMULATION [HIGH CONVICTION]
53,OIL,PUT (PE) BEARISH,17.3,82.7,81.4,76,-1.18,💥 SEVERE PE BREAKDOWN [AGGRESSIVE SHORT]
54,SBILIFE,PUT (PE) BEARISH,28.7,71.3,71.2,76,-0.65,⚡ BEARISH PE SURGE [HIGH CONVICTION]
55,MOTHERSON,CALL (CE) BULLISH,56.7,43.3,58.0,76,0.72,📈 MODERATE CE BIAS
56,SONACOMS,CALL (CE) BULLISH,65.5,34.5,66.0,78,0.47,⚡ BULLISH CE ACCUMULATION [HIGH CONVICTION]
57,POWERINDIA,CALL (CE) BULLISH,73.5,26.5,73.2,79,0.76,🚨 GAMMA SQUEEZE ALERT (ACCELERATING CE)
58,PGEL,CALL (CE) BULLISH,67.4,32.6,67.7,77,1.0,⚡ BULLISH CE ACCUMULATION [HIGH CONVICTION]
59,PNB,PUT (PE) BEARISH,10.8,89.2,87.3,79,-1.95,💥 SEVERE PE BREAKDOWN [AGGRESSIVE SHORT]
60,APOLLOHOSP,PUT (PE) BEARISH,17.7,82.3,81.1,65,-0.85,⚡ BEARISH PE SURGE [HIGH CONVICTION]
61,SBICARD,PUT (PE) BEARISH,31.0,69.0,69.1,84,-0.57,⚡ BEARISH PE SURGE [HIGH CONVICTION]
62,INDUSTOWER,PUT (PE) BEARISH,24.3,75.7,75.1,75,-1.07,💥 SEVERE PE BREAKDOWN [AGGRESSIVE SHORT]
63,GODREJPROP,CALL (CE) BULLISH,85.6,14.4,84.0,78,1.18,🚨 GAMMA SQUEEZE ALERT (ACCELERATING CE)
64,HDFCBANK,CALL (CE) BULLISH,56.9,43.1,58.2,83,-0.04,📈 MODERATE CE BIAS
65,LT,CALL (CE) BULLISH,70.3,29.7,70.3,87,0.62,🚨 GAMMA SQUEEZE ALERT (ACCELERATING CE)
66,IEX,NEUTRAL,54.4,45.6,56.0,79,0.71,⏸️ NEUTRAL / RANGEBOUND PINNING
67,MFSL,CALL (CE) BULLISH,88.6,11.4,86.7,90,0.61,🚨 GAMMA SQUEEZE ALERT (ACCELERATING CE)
68,CROMPTON,PUT (PE) BEARISH,14.5,85.5,84.0,81,-1.7,💥 SEVERE PE BREAKDOWN [AGGRESSIVE SHORT]
69,HCLTECH,CALL (CE) BULLISH,68.8,31.2,68.9,77,0.62,🚨 GAMMA SQUEEZE ALERT (ACCELERATING CE)
70,VMM,PUT (PE) BEARISH,25.5,74.5,74.0,86,-0.7,💥 SEVERE PE BREAKDOWN [AGGRESSIVE SHORT]
71,CONCOR,PUT (PE) BEARISH,18.2,81.8,80.6,77,-1.35,💥 SEVERE PE BREAKDOWN [AGGRESSIVE SHORT]
72,ADANIPORTS,CALL (CE) BULLISH,80.6,19.4,79.5,75,0.61,🚨 GAMMA SQUEEZE ALERT (ACCELERATING CE)
73,CANBK,PUT (PE) BEARISH,18.3,81.7,80.5,76,-1.45,💥 SEVERE PE BREAKDOWN [AGGRESSIVE SHORT]
74,OBEROIRLTY,CALL (CE) BULLISH,62.7,37.3,63.4,77,0.41,🚨 GAMMA SQUEEZE ALERT (ACCELERATING CE)
75,ALKEM,PUT (PE) BEARISH,23.6,76.4,75.8,75,-1.06,💥 SEVERE PE BREAKDOWN [AGGRESSIVE SHORT]
76,BAJAJ-AUTO,CALL (CE) BULLISH,82.5,17.5,81.2,63,0.65,⚡ BULLISH CE ACCUMULATION [HIGH CONVICTION]
77,PIDILITIND,PUT (PE) BEARISH,40.8,59.2,60.3,80,-0.46,📉 MODERATE PE BIAS
78,ANGELONE,PUT (PE) BEARISH,13.2,86.8,85.1,78,-1.5,💥 SEVERE PE BREAKDOWN [AGGRESSIVE SHORT]
79,MAZDOCK,CALL (CE) BULLISH,73.4,26.6,73.1,79,0.4,🔥 STRONG CE BREAKOUT [EXPONENTIAL MOMENTUM]
80,LICHSGFIN,CALL (CE) BULLISH,70.2,29.8,70.2,63,-0.72,🚨 GAMMA SQUEEZE ALERT (ACCELERATING CE)
81,HINDALCO,PUT (PE) BEARISH,20.4,79.6,78.6,73,-1.07,💥 SEVERE PE BREAKDOWN [AGGRESSIVE SHORT]
82,LODHA,CALL (CE) BULLISH,75.5,24.5,75.0,80,0.97,🚨 GAMMA SQUEEZE ALERT (ACCELERATING CE)
83,BPCL,CALL (CE) BULLISH,77.1,22.9,76.4,78,0.9,🚨 GAMMA SQUEEZE ALERT (ACCELERATING CE)
84,VOLTAS,CALL (CE) BULLISH,67.5,32.5,67.8,78,0.1,🚨 GAMMA SQUEEZE ALERT (ACCELERATING CE)
85,CAMS,PUT (PE) BEARISH,17.3,82.7,81.4,72,-0.85,💥 SEVERE PE BREAKDOWN [AGGRESSIVE SHORT]
86,TATAELXSI,CALL (CE) BULLISH,71.3,28.7,71.2,77,0.54,🚨 GAMMA SQUEEZE ALERT (ACCELERATING CE)
87,BAJFINANCE,CALL (CE) BULLISH,74.0,26.0,73.6,73,0.86,🚨 GAMMA SQUEEZE ALERT (ACCELERATING CE)
88,COALINDIA,CALL (CE) BULLISH,61.8,38.2,62.6,65,0.2,🚨 GAMMA SQUEEZE ALERT (ACCELERATING CE)
89,MUTHOOTFIN,CALL (CE) BULLISH,74.7,25.3,74.2,74,0.5,🚨 GAMMA SQUEEZE ALERT (ACCELERATING CE)
90,TITAN,CALL (CE) BULLISH,82.4,17.6,81.2,60,0.63,🚨 GAMMA SQUEEZE ALERT (ACCELERATING CE)
91,ADANIENT,CALL (CE) BULLISH,70.2,29.8,70.2,87,0.42,🚨 GAMMA SQUEEZE ALERT (ACCELERATING CE)
92,NBCC,CALL (CE) BULLISH,59.0,41.0,60.1,80,0.65,📈 MODERATE CE BIAS
93,MANKIND,PUT (PE) BEARISH,20.4,79.6,78.6,67,-0.72,⚡ BEARISH PE SURGE [HIGH CONVICTION]
94,OFSS,PUT (PE) BEARISH,38.8,61.2,62.1,79,0.03,📉 MODERATE PE BIAS
95,JSWENERGY,PUT (PE) BEARISH,22.7,77.3,76.6,73,-1.21,💥 SEVERE PE BREAKDOWN [AGGRESSIVE SHORT]
96,CHOLAFIN,PUT (PE) BEARISH,27.7,72.3,72.1,78,-0.45,💥 SEVERE PE BREAKDOWN [AGGRESSIVE SHORT]
97,HINDUNILVR,CALL (CE) BULLISH,67.3,32.7,67.6,68,0.3,🚨 GAMMA SQUEEZE ALERT (ACCELERATING CE)
98,SOLARINDS,CALL (CE) BULLISH,71.6,28.4,71.4,76,0.14,🚨 GAMMA SQUEEZE ALERT (ACCELERATING CE)
99,LTF,CALL (CE) BULLISH,87.8,12.2,86.0,86,1.33,🚨 GAMMA SQUEEZE ALERT (ACCELERATING CE)
100,ICICIPRULI,PUT (PE) BEARISH,17.8,82.2,81.0,71,-1.01,💥 SEVERE PE BREAKDOWN [AGGRESSIVE SHORT]
101,TECHM,CALL (CE) BULLISH,73.0,27.0,72.7,72,0.33,🚨 GAMMA SQUEEZE ALERT (ACCELERATING CE)
102,INDUSINDBK,PUT (PE) BEARISH,30.6,69.4,69.5,77,-0.76,⚡ BEARISH PE SURGE [HIGH CONVICTION]
103,ABCAPITAL,PUT (PE) BEARISH,15.2,84.8,83.3,70,-1.25,💥 SEVERE PE BREAKDOWN [AGGRESSIVE SHORT]
104,NYKAA,PUT (PE) BEARISH,34.6,65.4,65.9,75,-0.7,⚡ BEARISH PE SURGE [HIGH CONVICTION]
105,BHARATFORG,CALL (CE) BULLISH,66.9,33.1,67.2,74,0.23,🚨 GAMMA SQUEEZE ALERT (ACCELERATING CE)
106,PFC,PUT (PE) BEARISH,22.0,78.0,77.2,75,-0.88,💥 SEVERE PE BREAKDOWN [AGGRESSIVE SHORT]
107,GRASIM,CALL (CE) BULLISH,71.2,28.8,71.1,67,0.43,🚨 GAMMA SQUEEZE ALERT (ACCELERATING CE)
108,GODREJCP,CALL (CE) BULLISH,68.4,31.6,68.6,73,0.15,🚨 GAMMA SQUEEZE ALERT (ACCELERATING CE)
109,TCS,CALL (CE) BULLISH,66.2,33.8,66.6,79,0.23,🚨 GAMMA SQUEEZE ALERT (ACCELERATING CE)
110,ETERNAL,PUT (PE) BEARISH,19.8,80.2,79.2,72,-0.64,💥 SEVERE PE BREAKDOWN [AGGRESSIVE SHORT]
111,RBLBANK,CALL (CE) BULLISH,75.1,24.9,74.6,69,0.5,🚨 GAMMA SQUEEZE ALERT (ACCELERATING CE)
112,BSE,CALL (CE) BULLISH,67.4,32.6,67.7,75,-0.22,🚨 GAMMA SQUEEZE ALERT (ACCELERATING CE)
113,BEL,PUT (PE) BEARISH,25.3,74.7,74.2,74,-1.11,💥 SEVERE PE BREAKDOWN [AGGRESSIVE SHORT]
114,DRREDDY,PUT (PE) BEARISH,32.8,67.2,67.5,69,-0.62,⚡ BEARISH PE SURGE [HIGH CONVICTION]
115,KEI,CALL (CE) BULLISH,66.2,33.8,66.6,72,0.31,🚨 GAMMA SQUEEZE ALERT (ACCELERATING CE)
116,AMBUJACEM,CALL (CE) BULLISH,75.2,24.8,74.7,73,0.63,🚨 GAMMA SQUEEZE ALERT (ACCELERATING CE)
117,SHRIRAMFIN,PUT (PE) BEARISH,36.7,63.3,64.0,75,-0.36,⚡ BEARISH PE SURGE [HIGH CONVICTION]
118,AUBANK,CALL (CE) BULLISH,67.3,32.7,67.6,70,0.8,⚡ BULLISH CE ACCUMULATION [HIGH CONVICTION]
119,SWIGGY,PUT (PE) BEARISH,17.5,82.5,81.2,80,-0.98,💥 SEVERE PE BREAKDOWN [AGGRESSIVE SHORT]
120,NESTLEIND,CALL (CE) BULLISH,62.4,37.6,63.2,67,0.35,🚨 GAMMA SQUEEZE ALERT (ACCELERATING CE)
121,ADANIPOWER,CALL (CE) BULLISH,57.7,42.3,58.9,87,0.59,📈 MODERATE CE BIAS
122,CIPLA,PUT (PE) BEARISH,35.2,64.8,65.3,67,-0.44,⚡ BEARISH PE SURGE [HIGH CONVICTION]
123,FORCEMOT,NEUTRAL,51.8,48.2,53.6,81,0.6,⏸️ NEUTRAL / RANGEBOUND PINNING
124,AUROPHARMA,PUT (PE) BEARISH,36.4,63.6,64.2,69,-0.91,⚡ BEARISH PE SURGE [HIGH CONVICTION]
125,PAGEIND,NEUTRAL,52.6,47.4,54.3,71,0.24,⏸️ NEUTRAL / RANGEBOUND PINNING
126,BAJAJFINSV,CALL (CE) BULLISH,62.3,37.7,63.1,68,-0.03,🚨 GAMMA SQUEEZE ALERT (ACCELERATING CE)
127,GVT&D,PUT (PE) BEARISH,42.2,57.8,59.0,75,0.21,📉 MODERATE PE BIAS
128,BRITANNIA,CALL (CE) BULLISH,64.3,35.7,64.9,63,0.31,🚨 GAMMA SQUEEZE ALERT (ACCELERATING CE)
129,DIXON,NEUTRAL,46.9,53.1,54.8,84,0.32,⏸️ NEUTRAL / RANGEBOUND PINNING
130,SUNPHARMA,CALL (CE) BULLISH,63.3,36.7,64.0,64,0.49,🚨 GAMMA SQUEEZE ALERT (ACCELERATING CE)
131,EICHERMOT,CALL (CE) BULLISH,64.3,35.7,64.9,62,0.2,🚨 GAMMA SQUEEZE ALERT (ACCELERATING CE)
132,HAL,PUT (PE) BEARISH,42.1,57.9,59.1,73,-0.4,📉 MODERATE PE BIAS
133,KALYANKJIL,PUT (PE) BEARISH,34.4,65.6,66.0,76,-0.43,⚡ BEARISH PE SURGE [HIGH CONVICTION]
134,NTPC,PUT (PE) BEARISH,32.9,67.1,67.4,67,-0.34,⚡ BEARISH PE SURGE [HIGH CONVICTION]
135,CGPOWER,PUT (PE) BEARISH,40.6,59.4,60.5,72,-0.28,📉 MODERATE PE BIAS
136,MIDCPNIFTY,PUT (PE) BEARISH,36.6,63.4,64.1,67,-0.3,⚡ BEARISH PE SURGE [HIGH CONVICTION]
137,MARUTI,CALL (CE) BULLISH,60.2,39.8,61.2,73,0.31,📈 MODERATE CE BIAS
138,ASHOKLEY,CALL (CE) BULLISH,60.1,39.9,61.1,80,0.83,📈 MODERATE CE BIAS
139,ATHERENERG,PUT (PE) BEARISH,42.6,57.4,58.7,76,-0.66,📉 MODERATE PE BIAS
140,FINNIFTY,PUT (PE) BEARISH,38.5,61.5,62.4,62,0.06,📉 MODERATE PE BIAS
141,TATACONSUM,PUT (PE) BEARISH,40.4,59.6,60.6,68,-0.33,📉 MODERATE PE BIAS
142,PATANJALI,PUT (PE) BEARISH,26.8,73.2,72.9,72,-0.31,💥 SEVERE PE BREAKDOWN [AGGRESSIVE SHORT]
143,ADANIENSOL,PUT (PE) BEARISH,43.8,56.2,57.6,72,-0.65,📉 MODERATE PE BIAS
144,SBIN,PUT (PE) BEARISH,42.8,57.2,58.5,70,-0.1,📉 MODERATE PE BIAS
145,ITC,CALL (CE) BULLISH,63.2,36.8,63.9,71,-0.07,🚨 GAMMA SQUEEZE ALERT (ACCELERATING CE)
146,GODFRYPHLP,CALL (CE) BULLISH,55.6,44.4,57.0,75,0.19,📈 MODERATE CE BIAS
147,JIOFIN,PUT (PE) BEARISH,28.1,71.9,71.7,80,-0.52,⚡ BEARISH PE SURGE [HIGH CONVICTION]
148,NIFTY,PUT (PE) BEARISH,39.0,61.0,61.9,62,0.16,📉 MODERATE PE BIAS
149,COFORGE,NEUTRAL,45.5,54.5,56.0,68,-0.21,⏸️ NEUTRAL / RANGEBOUND PINNING
150,SRF,NEUTRAL,53.4,46.6,55.1,71,-0.34,⏸️ NEUTRAL / RANGEBOUND PINNING
151,RELIANCE,NEUTRAL,49.8,50.2,52.2,75,-0.24,⏸️ NEUTRAL / RANGEBOUND PINNING
152,POLYCAB,NEUTRAL,48.4,51.6,53.4,73,0.09,⏸️ NEUTRAL / RANGEBOUND PINNING
153,DABUR,PUT (PE) BEARISH,43.8,56.2,57.6,83,-0.26,📉 MODERATE PE BIAS
154,DIVISLAB,PUT (PE) BEARISH,44.4,55.6,57.0,65,-0.42,📉 MODERATE PE BIAS
155,RVNL,NEUTRAL,53.3,46.7,55.0,79,0.43,⏸️ NEUTRAL / RANGEBOUND PINNING
156,BANKNIFTY,PUT (PE) BEARISH,43.3,56.7,58.0,66,-0.32,📉 MODERATE PE BIAS
157,LICI,PUT (PE) BEARISH,43.9,56.1,57.5,76,0.28,📉 MODERATE PE BIAS
158,INDHOTEL,NEUTRAL,48.6,51.4,53.3,69,-0.47,⏸️ NEUTRAL / RANGEBOUND PINNING
159,HINDZINC,NEUTRAL,47.5,52.5,54.2,76,0.02,⏸️ NEUTRAL / RANGEBOUND PINNING
160,BHEL,PUT (PE) BEARISH,43.1,56.9,58.2,72,0.12,📉 MODERATE PE BIAS
161,NATIONALUM,CALL (CE) BULLISH,59.9,40.1,60.9,75,0.53,📈 MODERATE CE BIAS
162,PRESTIGE,NEUTRAL,50.5,49.5,52.5,68,-0.06,⏸️ NEUTRAL / RANGEBOUND PINNING
163,VBL,NEUTRAL,47.2,52.8,54.5,85,0.01,⏸️ NEUTRAL / RANGEBOUND PINNING
164,IDEA,CALL (CE) BULLISH,73.3,26.7,73.0,69,0.49,🚨 GAMMA SQUEEZE ALERT (ACCELERATING CE)
165,SAGILITY,PUT (PE) BEARISH,23.2,76.8,76.1,71,-1.17,💥 SEVERE PE BREAKDOWN [AGGRESSIVE SHORT]
166,HDFCLIFE,CALL (CE) BULLISH,56.7,43.3,58.0,73,0.11,📈 MODERATE CE BIAS
167,HINDPETRO,CALL (CE) BULLISH,62.6,37.4,63.3,74,0.56,⚡ BULLISH CE ACCUMULATION [HIGH CONVICTION]
168,VEDL,NEUTRAL,48.5,51.5,53.4,88,-0.46,⏸️ NEUTRAL / RANGEBOUND PINNING
169,IDFCFIRSTB,PUT (PE) BEARISH,31.7,68.3,68.5,76,-0.54,⚡ BEARISH PE SURGE [HIGH CONVICTION]
170,GAIL,PUT (PE) BEARISH,35.9,64.1,64.7,72,-0.97,⚡ BEARISH PE SURGE [HIGH CONVICTION]
171,BANKBARODA,CALL (CE) BULLISH,56.3,43.7,57.7,71,0.2,📈 MODERATE CE BIAS
172,UNIONBANK,CALL (CE) BULLISH,59.8,40.2,60.8,65,-0.06,📈 MODERATE CE BIAS
173,BANKINDIA,PUT (PE) BEARISH,39.3,60.7,61.6,74,-0.58,📉 MODERATE PE BIAS
174,POWERGRID,NEUTRAL,48.2,51.8,53.6,72,0.38,⏸️ NEUTRAL / RANGEBOUND PINNING
175,SUZLON,PUT (PE) BEARISH,36.5,63.5,64.2,79,-0.17,⚡ BEARISH PE SURGE [HIGH CONVICTION]
176,IRFC,PUT (PE) BEARISH,41.4,58.6,59.7,77,-0.34,📉 MODERATE PE BIAS
177,PETRONET,NEUTRAL,48.3,51.7,53.5,66,0.27,⏸️ NEUTRAL / RANGEBOUND PINNING
178,GMRAIRPORT,CALL (CE) BULLISH,60.0,40.0,61.0,71,0.39,📈 MODERATE CE BIAS
179,TATASTEEL,NEUTRAL,52.2,47.8,54.0,73,-0.33,⏸️ NEUTRAL / RANGEBOUND PINNING
180,IOC,NEUTRAL,46.0,54.0,55.6,68,-0.01,⏸️ NEUTRAL / RANGEBOUND PINNING
181,WIPRO,NEUTRAL,49.3,50.7,52.6,72,-0.01,⏸️ NEUTRAL / RANGEBOUND PINNING
182,NHPC,NEUTRAL,47.9,52.1,53.9,71,-0.48,⏸️ NEUTRAL / RANGEBOUND PINNING
183,YESBANK,CALL (CE) BULLISH,60.1,39.9,24.4,20,0.0,⚠️ ILLIQUID / WIDE SPREAD [AVOID]
184,JINDALSTEL,CALL (CE) BULLISH,61.7,38.3,25.0,20,0.0,⚠️ ILLIQUID / WIDE SPREAD [AVOID]
185,BDL,PUT (PE) BEARISH,19.8,80.2,31.7,20,0.0,⚠️ ILLIQUID / WIDE SPREAD [AVOID]
186,NAM-INDIA,CALL (CE) BULLISH,55.6,44.4,22.8,20,0.0,⚠️ ILLIQUID / WIDE SPREAD [AVOID]
187,ASTRAL,CALL (CE) BULLISH,65.0,35.0,26.2,20,0.0,⚠️ ILLIQUID / WIDE SPREAD [AVOID]
188,CDSL,NEUTRAL,53.7,46.3,22.1,20,0.0,⚠️ ILLIQUID / WIDE SPREAD [AVOID]
189,JSWSTEEL,PUT (PE) BEARISH,39.4,60.6,24.6,20,0.0,⚠️ ILLIQUID / WIDE SPREAD [AVOID]
190,COCHINSHIP,CALL (CE) BULLISH,65.4,34.6,26.4,20,0.0,⚠️ ILLIQUID / WIDE SPREAD [AVOID]
191,UPL,CALL (CE) BULLISH,61.2,38.8,24.8,20,0.0,⚠️ ILLIQUID / WIDE SPREAD [AVOID]
192,360ONE,NEUTRAL,47.0,53.0,21.9,20,0.0,⚠️ ILLIQUID / WIDE SPREAD [AVOID]
193,KPITTECH,PUT (PE) BEARISH,42.9,57.1,23.4,20,0.0,⚠️ ILLIQUID / WIDE SPREAD [AVOID]
194,PNBHOUSING,PUT (PE) BEARISH,27.1,72.9,29.0,20,0.0,⚠️ ILLIQUID / WIDE SPREAD [AVOID]
195,GLENMARK,PUT (PE) BEARISH,4.3,95.7,37.2,20,0.0,⚠️ ILLIQUID / WIDE SPREAD [AVOID]
196,BLUESTARCO,CALL (CE) BULLISH,93.4,6.6,36.4,20,0.0,⚠️ ILLIQUID / WIDE SPREAD [AVOID]
197,LUPIN,PUT (PE) BEARISH,30.9,69.1,27.7,20,0.0,⚠️ ILLIQUID / WIDE SPREAD [AVOID]
198,KFINTECH,PUT (PE) BEARISH,19.4,80.6,31.8,20,0.0,⚠️ ILLIQUID / WIDE SPREAD [AVOID]
199,PHOENIXLTD,CALL (CE) BULLISH,83.2,16.8,32.8,20,0.0,⚠️ ILLIQUID / WIDE SPREAD [AVOID]
200,TIINDIA,PUT (PE) BEARISH,24.0,76.0,30.2,20,0.0,⚠️ ILLIQUID / WIDE SPREAD [AVOID]
201,UNOMINDA,PUT (PE) BEARISH,29.5,70.5,28.2,20,0.0,⚠️ ILLIQUID / WIDE SPREAD [AVOID]
202,COLPAL,PUT (PE) BEARISH,18.0,82.0,32.3,20,0.0,⚠️ ILLIQUID / WIDE SPREAD [AVOID]
203,MPHASIS,PUT (PE) BEARISH,19.3,80.7,31.8,20,0.0,⚠️ ILLIQUID / WIDE SPREAD [AVOID]
204,CUMMINSIND,PUT (PE) BEARISH,26.9,73.1,29.1,20,0.0,⚠️ ILLIQUID / WIDE SPREAD [AVOID]
205,SAIL,PUT (PE) BEARISH,8.8,91.2,35.6,20,0.0,⚠️ ILLIQUID / WIDE SPREAD [AVOID]
206,UNITDSPR,PUT (PE) BEARISH,24.4,75.6,30.0,20,0.0,⚠️ ILLIQUID / WIDE SPREAD [AVOID]
207,SIEMENS,CALL (CE) BULLISH,73.2,26.8,29.2,20,0.0,⚠️ ILLIQUID / WIDE SPREAD [AVOID]
208,MANAPPURAM,CALL (CE) BULLISH,70.0,30.0,28.0,20,0.0,⚠️ ILLIQUID / WIDE SPREAD [AVOID]
209,HDFCAMC,PUT (PE) BEARISH,43.7,56.3,23.1,20,0.0,⚠️ ILLIQUID / WIDE SPREAD [AVOID]
210,APLAPOLLO,NEUTRAL,49.2,50.8,21.1,20,0.0,⚠️ ILLIQUID / WIDE SPREAD [AVOID]
211,AMBER,NEUTRAL,54.2,45.8,22.3,20,0.0,⚠️ ILLIQUID / WIDE SPREAD [AVOID]
212,ULTRACEMCO,CALL (CE) BULLISH,62.0,38.0,25.1,20,0.0,⚠️ ILLIQUID / WIDE SPREAD [AVOID]
213,SHREECEM,CALL (CE) BULLISH,61.6,38.4,25.0,20,0.0,⚠️ ILLIQUID / WIDE SPREAD [AVOID]
214,BOSCHLTD,PUT (PE) BEARISH,43.5,56.5,23.2,20,0.0,⚠️ ILLIQUID / WIDE SPREAD [AVOID]
215,NIFTYNXT50,CALL (CE) BULLISH,70.6,29.4,28.2,20,0.0,⚠️ ILLIQUID / WIDE SPREAD [AVOID]
216,NIFTYFPI,PUT (PE) BEARISH,20.9,79.1,31.3,20,0.0,⚠️ ILLIQUID / WIDE SPREAD [AVOID]
