symbol,spot_ltp,state_rank,sheets_forensic_live_synced,sheets_option_predictions_synced,bigquery_predictions_synced,schema_integrity
FORTIS,837.8,0,MATCH (216/216),MATCH (216/216),MATCH (216/216),PASS (0 ERRORS)
MAXHEALTH,1013.8,0,MATCH (216/216),MATCH (216/216),MATCH (216/216),PASS (0 ERRORS)
PAYTM,1673.5,0,MATCH (216/216),MATCH (216/216),MATCH (216/216),PASS (0 ERRORS)
FEDERALBNK,322.8,0,MATCH (216/216),MATCH (216/216),MATCH (216/216),PASS (0 ERRORS)
SUPREMEIND,3540.9,0,MATCH (216/216),MATCH (216/216),MATCH (216/216),PASS (0 ERRORS)
IREDA,113.49,0,MATCH (216/216),MATCH (216/216),MATCH (216/216),PASS (0 ERRORS)
KAYNES,3646.8,0,MATCH (216/216),MATCH (216/216),MATCH (216/216),PASS (0 ERRORS)
ASIANPAINT,2450.8,0,MATCH (216/216),MATCH (216/216),MATCH (216/216),PASS (0 ERRORS)
MAHABANK,84.81,0,MATCH (216/216),MATCH (216/216),MATCH (216/216),PASS (0 ERRORS)
HYUNDAI,2110.4,0,MATCH (216/216),MATCH (216/216),MATCH (216/216),PASS (0 ERRORS)
AXISBANK,1219.8,0,MATCH (216/216),MATCH (216/216),MATCH (216/216),PASS (0 ERRORS)
RECLTD,313.05,0,MATCH (216/216),MATCH (216/216),MATCH (216/216),PASS (0 ERRORS)
BANDHANBNK,188.25,0,MATCH (216/216),MATCH (216/216),MATCH (216/216),PASS (0 ERRORS)
MCX,3322.3,0,MATCH (216/216),MATCH (216/216),MATCH (216/216),PASS (0 ERRORS)
LAURUSLABS,2002.4,0,MATCH (216/216),MATCH (216/216),MATCH (216/216),PASS (0 ERRORS)
ABB,7050.0,0,MATCH (216/216),MATCH (216/216),MATCH (216/216),PASS (0 ERRORS)
M&M,3038.8,0,MATCH (216/216),MATCH (216/216),MATCH (216/216),PASS (0 ERRORS)
JUBLFOOD,487.75,0,MATCH (216/216),MATCH (216/216),MATCH (216/216),PASS (0 ERRORS)
RADICO,4553.6,0,MATCH (216/216),MATCH (216/216),MATCH (216/216),PASS (0 ERRORS)
TRENT,2672.2,0,MATCH (216/216),MATCH (216/216),MATCH (216/216),PASS (0 ERRORS)
ZYDUSLIFE,1205.1,0,MATCH (216/216),MATCH (216/216),MATCH (216/216),PASS (0 ERRORS)
PIIND,2397.1,0,MATCH (216/216),MATCH (216/216),MATCH (216/216),PASS (0 ERRORS)
NMDC,79.87,0,MATCH (216/216),MATCH (216/216),MATCH (216/216),PASS (0 ERRORS)
TMPV,290.95,0,MATCH (216/216),MATCH (216/216),MATCH (216/216),PASS (0 ERRORS)
TVSMOTOR,4157.1,0,MATCH (216/216),MATCH (216/216),MATCH (216/216),PASS (0 ERRORS)
BHARTIARTL,1790.3,0,MATCH (216/216),MATCH (216/216),MATCH (216/216),PASS (0 ERRORS)
INOXWIND,75.06,0,MATCH (216/216),MATCH (216/216),MATCH (216/216),PASS (0 ERRORS)
NAUKRI,1254.0,0,MATCH (216/216),MATCH (216/216),MATCH (216/216),PASS (0 ERRORS)
HEROMOTOCO,5378.5,0,MATCH (216/216),MATCH (216/216),MATCH (216/216),PASS (0 ERRORS)
TATAPOWER,367.2,0,MATCH (216/216),MATCH (216/216),MATCH (216/216),PASS (0 ERRORS)
DMART,3824.0,0,MATCH (216/216),MATCH (216/216),MATCH (216/216),PASS (0 ERRORS)
MOTILALOFS,1034.4,0,MATCH (216/216),MATCH (216/216),MATCH (216/216),PASS (0 ERRORS)
MARICO,817.35,0,MATCH (216/216),MATCH (216/216),MATCH (216/216),PASS (0 ERRORS)
INFY,1001.4,0,MATCH (216/216),MATCH (216/216),MATCH (216/216),PASS (0 ERRORS)
KOTAKBANK,402.9,0,MATCH (216/216),MATCH (216/216),MATCH (216/216),PASS (0 ERRORS)
ICICIGI,1553.6,0,MATCH (216/216),MATCH (216/216),MATCH (216/216),PASS (0 ERRORS)
POLICYBZR,1171.3,0,MATCH (216/216),MATCH (216/216),MATCH (216/216),PASS (0 ERRORS)
PERSISTENT,5375.5,0,MATCH (216/216),MATCH (216/216),MATCH (216/216),PASS (0 ERRORS)
TORNTPHARM,4975.5,0,MATCH (216/216),MATCH (216/216),MATCH (216/216),PASS (0 ERRORS)
PREMIERENE,900.1,0,MATCH (216/216),MATCH (216/216),MATCH (216/216),PASS (0 ERRORS)
DELHIVERY,422.55,0,MATCH (216/216),MATCH (216/216),MATCH (216/216),PASS (0 ERRORS)
WAAREEENER,2496.7,0,MATCH (216/216),MATCH (216/216),MATCH (216/216),PASS (0 ERRORS)
INDIGO,4949.5,0,MATCH (216/216),MATCH (216/216),MATCH (216/216),PASS (0 ERRORS)
BIOCON,382.15,0,MATCH (216/216),MATCH (216/216),MATCH (216/216),PASS (0 ERRORS)
MOTHERSON,165.54,0,MATCH (216/216),MATCH (216/216),MATCH (216/216),PASS (0 ERRORS)
HAVELLS,1095.8,0,MATCH (216/216),MATCH (216/216),MATCH (216/216),PASS (0 ERRORS)
LTM,4080.5,0,MATCH (216/216),MATCH (216/216),MATCH (216/216),PASS (0 ERRORS)
ADANIGREEN,1293.5,0,MATCH (216/216),MATCH (216/216),MATCH (216/216),PASS (0 ERRORS)
ONGC,235.37,0,MATCH (216/216),MATCH (216/216),MATCH (216/216),PASS (0 ERRORS)
IEX,112.72,0,MATCH (216/216),MATCH (216/216),MATCH (216/216),PASS (0 ERRORS)
BAJAJHLDNG,11016.0,0,MATCH (216/216),MATCH (216/216),MATCH (216/216),PASS (0 ERRORS)
DLF,680.65,0,MATCH (216/216),MATCH (216/216),MATCH (216/216),PASS (0 ERRORS)
INDIANB,834.5,0,MATCH (216/216),MATCH (216/216),MATCH (216/216),PASS (0 ERRORS)
ICICIBANK,1328.3,0,MATCH (216/216),MATCH (216/216),MATCH (216/216),PASS (0 ERRORS)
SONACOMS,825.8,0,MATCH (216/216),MATCH (216/216),MATCH (216/216),PASS (0 ERRORS)
HDFCBANK,736.15,0,MATCH (216/216),MATCH (216/216),MATCH (216/216),PASS (0 ERRORS)
SBILIFE,1745.3,0,MATCH (216/216),MATCH (216/216),MATCH (216/216),PASS (0 ERRORS)
PGEL,519.55,0,MATCH (216/216),MATCH (216/216),MATCH (216/216),PASS (0 ERRORS)
OIL,473.35,0,MATCH (216/216),MATCH (216/216),MATCH (216/216),PASS (0 ERRORS)
SBICARD,610.85,0,MATCH (216/216),MATCH (216/216),MATCH (216/216),PASS (0 ERRORS)
POWERINDIA,30990.0,0,MATCH (216/216),MATCH (216/216),MATCH (216/216),PASS (0 ERRORS)
VBL,434.55,0,MATCH (216/216),MATCH (216/216),MATCH (216/216),PASS (0 ERRORS)
INDUSTOWER,375.1,0,MATCH (216/216),MATCH (216/216),MATCH (216/216),PASS (0 ERRORS)
PNB,116.55,0,MATCH (216/216),MATCH (216/216),MATCH (216/216),PASS (0 ERRORS)
VMM,103.56,0,MATCH (216/216),MATCH (216/216),MATCH (216/216),PASS (0 ERRORS)
APOLLOHOSP,8878.5,0,MATCH (216/216),MATCH (216/216),MATCH (216/216),PASS (0 ERRORS)
LT,3883.3,0,MATCH (216/216),MATCH (216/216),MATCH (216/216),PASS (0 ERRORS)
HCLTECH,1263.9,0,MATCH (216/216),MATCH (216/216),MATCH (216/216),PASS (0 ERRORS)
OBEROIRLTY,1860.4,0,MATCH (216/216),MATCH (216/216),MATCH (216/216),PASS (0 ERRORS)
GODREJPROP,1698.6,0,MATCH (216/216),MATCH (216/216),MATCH (216/216),PASS (0 ERRORS)
CANBK,124.91,0,MATCH (216/216),MATCH (216/216),MATCH (216/216),PASS (0 ERRORS)
CROMPTON,218.5,0,MATCH (216/216),MATCH (216/216),MATCH (216/216),PASS (0 ERRORS)
PIDILITIND,1515.4,0,MATCH (216/216),MATCH (216/216),MATCH (216/216),PASS (0 ERRORS)
NBCC,82.94,0,MATCH (216/216),MATCH (216/216),MATCH (216/216),PASS (0 ERRORS)
CONCOR,461.9,0,MATCH (216/216),MATCH (216/216),MATCH (216/216),PASS (0 ERRORS)
LICHSGFIN,567.4,0,MATCH (216/216),MATCH (216/216),MATCH (216/216),PASS (0 ERRORS)
ALKEM,5282.0,0,MATCH (216/216),MATCH (216/216),MATCH (216/216),PASS (0 ERRORS)
ADANIPORTS,1788.8,0,MATCH (216/216),MATCH (216/216),MATCH (216/216),PASS (0 ERRORS)
POWERGRID,268.6,0,MATCH (216/216),MATCH (216/216),MATCH (216/216),PASS (0 ERRORS)
BAJAJ-AUTO,11321.0,0,MATCH (216/216),MATCH (216/216),MATCH (216/216),PASS (0 ERRORS)
MAZDOCK,2202.2,0,MATCH (216/216),MATCH (216/216),MATCH (216/216),PASS (0 ERRORS)
COALINDIA,425.2,0,MATCH (216/216),MATCH (216/216),MATCH (216/216),PASS (0 ERRORS)
ANGELONE,289.15,0,MATCH (216/216),MATCH (216/216),MATCH (216/216),PASS (0 ERRORS)
MFSL,1452.6,0,MATCH (216/216),MATCH (216/216),MATCH (216/216),PASS (0 ERRORS)
BPCL,309.6,0,MATCH (216/216),MATCH (216/216),MATCH (216/216),PASS (0 ERRORS)
VOLTAS,1115.8,0,MATCH (216/216),MATCH (216/216),MATCH (216/216),PASS (0 ERRORS)
LODHA,1170.8,0,MATCH (216/216),MATCH (216/216),MATCH (216/216),PASS (0 ERRORS)
TATAELXSI,3193.9,0,MATCH (216/216),MATCH (216/216),MATCH (216/216),PASS (0 ERRORS)
HINDALCO,976.6,0,MATCH (216/216),MATCH (216/216),MATCH (216/216),PASS (0 ERRORS)
BAJFINANCE,995.5,0,MATCH (216/216),MATCH (216/216),MATCH (216/216),PASS (0 ERRORS)
NYKAA,332.5,0,MATCH (216/216),MATCH (216/216),MATCH (216/216),PASS (0 ERRORS)
OFSS,10785.0,0,MATCH (216/216),MATCH (216/216),MATCH (216/216),PASS (0 ERRORS)
HINDUNILVR,1937.2,0,MATCH (216/216),MATCH (216/216),MATCH (216/216),PASS (0 ERRORS)
CAMS,706.95,0,MATCH (216/216),MATCH (216/216),MATCH (216/216),PASS (0 ERRORS)
MUTHOOTFIN,2836.8,0,MATCH (216/216),MATCH (216/216),MATCH (216/216),PASS (0 ERRORS)
ADANIENT,2920.2,0,MATCH (216/216),MATCH (216/216),MATCH (216/216),PASS (0 ERRORS)
TITAN,4873.0,0,MATCH (216/216),MATCH (216/216),MATCH (216/216),PASS (0 ERRORS)
JSWENERGY,507.9,0,MATCH (216/216),MATCH (216/216),MATCH (216/216),PASS (0 ERRORS)
BHARATFORG,2005.7,0,MATCH (216/216),MATCH (216/216),MATCH (216/216),PASS (0 ERRORS)
MANKIND,2472.9,0,MATCH (216/216),MATCH (216/216),MATCH (216/216),PASS (0 ERRORS)
ADANIPOWER,203.15,0,MATCH (216/216),MATCH (216/216),MATCH (216/216),PASS (0 ERRORS)
CHOLAFIN,1664.1,0,MATCH (216/216),MATCH (216/216),MATCH (216/216),PASS (0 ERRORS)
SOLARINDS,19685.0,0,MATCH (216/216),MATCH (216/216),MATCH (216/216),PASS (0 ERRORS)
GODREJCP,878.2,0,MATCH (216/216),MATCH (216/216),MATCH (216/216),PASS (0 ERRORS)
GRASIM,3181.3,0,MATCH (216/216),MATCH (216/216),MATCH (216/216),PASS (0 ERRORS)
TCS,2086.7,0,MATCH (216/216),MATCH (216/216),MATCH (216/216),PASS (0 ERRORS)
TECHM,1554.2,0,MATCH (216/216),MATCH (216/216),MATCH (216/216),PASS (0 ERRORS)
PFC,339.15,0,MATCH (216/216),MATCH (216/216),MATCH (216/216),PASS (0 ERRORS)
INDUSINDBK,914.8,0,MATCH (216/216),MATCH (216/216),MATCH (216/216),PASS (0 ERRORS)
ICICIPRULI,463.45,0,MATCH (216/216),MATCH (216/216),MATCH (216/216),PASS (0 ERRORS)
LTF,284.85,0,MATCH (216/216),MATCH (216/216),MATCH (216/216),PASS (0 ERRORS)
ASHOKLEY,159.09,0,MATCH (216/216),MATCH (216/216),MATCH (216/216),PASS (0 ERRORS)
APLAPOLLO,2211.0,0,MATCH (216/216),MATCH (216/216),MATCH (216/216),PASS (0 ERRORS)
BSE,3187.1,0,MATCH (216/216),MATCH (216/216),MATCH (216/216),PASS (0 ERRORS)
ABCAPITAL,388.65,0,MATCH (216/216),MATCH (216/216),MATCH (216/216),PASS (0 ERRORS)
PAGEIND,37785.0,0,MATCH (216/216),MATCH (216/216),MATCH (216/216),PASS (0 ERRORS)
ETERNAL,335.0,0,MATCH (216/216),MATCH (216/216),MATCH (216/216),PASS (0 ERRORS)
RBLBANK,415.25,0,MATCH (216/216),MATCH (216/216),MATCH (216/216),PASS (0 ERRORS)
FORCEMOT,17337.0,0,MATCH (216/216),MATCH (216/216),MATCH (216/216),PASS (0 ERRORS)
NESTLEIND,1360.4,0,MATCH (216/216),MATCH (216/216),MATCH (216/216),PASS (0 ERRORS)
KEI,4672.5,0,MATCH (216/216),MATCH (216/216),MATCH (216/216),PASS (0 ERRORS)
AMBUJACEM,385.75,0,MATCH (216/216),MATCH (216/216),MATCH (216/216),PASS (0 ERRORS)
AUBANK,1016.6,0,MATCH (216/216),MATCH (216/216),MATCH (216/216),PASS (0 ERRORS)
RVNL,207.26,0,MATCH (216/216),MATCH (216/216),MATCH (216/216),PASS (0 ERRORS)
DRREDDY,1203.7,0,MATCH (216/216),MATCH (216/216),MATCH (216/216),PASS (0 ERRORS)
GVT&D,4290.5,0,MATCH (216/216),MATCH (216/216),MATCH (216/216),PASS (0 ERRORS)
SHRIRAMFIN,993.3,0,MATCH (216/216),MATCH (216/216),MATCH (216/216),PASS (0 ERRORS)
BEL,392.6,0,MATCH (216/216),MATCH (216/216),MATCH (216/216),PASS (0 ERRORS)
BRITANNIA,4927.5,0,MATCH (216/216),MATCH (216/216),MATCH (216/216),PASS (0 ERRORS)
BAJAJFINSV,1772.3,0,MATCH (216/216),MATCH (216/216),MATCH (216/216),PASS (0 ERRORS)
MARUTI,12091.0,0,MATCH (216/216),MATCH (216/216),MATCH (216/216),PASS (0 ERRORS)
SWIGGY,265.95,0,MATCH (216/216),MATCH (216/216),MATCH (216/216),PASS (0 ERRORS)
CIPLA,1402.1,0,MATCH (216/216),MATCH (216/216),MATCH (216/216),PASS (0 ERRORS)
KALYANKJIL,572.0,0,MATCH (216/216),MATCH (216/216),MATCH (216/216),PASS (0 ERRORS)
AUROPHARMA,1713.0,0,MATCH (216/216),MATCH (216/216),MATCH (216/216),PASS (0 ERRORS)
ITC,269.1,0,MATCH (216/216),MATCH (216/216),MATCH (216/216),PASS (0 ERRORS)
SUNPHARMA,1855.7,0,MATCH (216/216),MATCH (216/216),MATCH (216/216),PASS (0 ERRORS)
EICHERMOT,7365.5,0,MATCH (216/216),MATCH (216/216),MATCH (216/216),PASS (0 ERRORS)
MIDCPNIFTY,14038.9,0,MATCH (216/216),MATCH (216/216),MATCH (216/216),PASS (0 ERRORS)
SRF,2533.3,0,MATCH (216/216),MATCH (216/216),MATCH (216/216),PASS (0 ERRORS)
RELIANCE,1227.5,0,MATCH (216/216),MATCH (216/216),MATCH (216/216),PASS (0 ERRORS)
PATANJALI,404.75,0,MATCH (216/216),MATCH (216/216),MATCH (216/216),PASS (0 ERRORS)
NTPC,325.9,0,MATCH (216/216),MATCH (216/216),MATCH (216/216),PASS (0 ERRORS)
DIXON,13407.0,0,MATCH (216/216),MATCH (216/216),MATCH (216/216),PASS (0 ERRORS)
ATHERENERG,1499.6,0,MATCH (216/216),MATCH (216/216),MATCH (216/216),PASS (0 ERRORS)
CGPOWER,885.4,0,MATCH (216/216),MATCH (216/216),MATCH (216/216),PASS (0 ERRORS)
FINNIFTY,25131.6,0,MATCH (216/216),MATCH (216/216),MATCH (216/216),PASS (0 ERRORS)
GODFRYPHLP,1977.7,0,MATCH (216/216),MATCH (216/216),MATCH (216/216),PASS (0 ERRORS)
HAL,4795.4,0,MATCH (216/216),MATCH (216/216),MATCH (216/216),PASS (0 ERRORS)
ADANIENSOL,1339.1,0,MATCH (216/216),MATCH (216/216),MATCH (216/216),PASS (0 ERRORS)
TATACONSUM,984.4,0,MATCH (216/216),MATCH (216/216),MATCH (216/216),PASS (0 ERRORS)
SBIN,982.4,0,MATCH (216/216),MATCH (216/216),MATCH (216/216),PASS (0 ERRORS)
NIFTY,23186.7,0,MATCH (216/216),MATCH (216/216),MATCH (216/216),PASS (0 ERRORS)
COFORGE,1785.0,0,MATCH (216/216),MATCH (216/216),MATCH (216/216),PASS (0 ERRORS)
POLYCAB,8402.0,0,MATCH (216/216),MATCH (216/216),MATCH (216/216),PASS (0 ERRORS)
DIVISLAB,9620.0,0,MATCH (216/216),MATCH (216/216),MATCH (216/216),PASS (0 ERRORS)
NATIONALUM,359.0,0,MATCH (216/216),MATCH (216/216),MATCH (216/216),PASS (0 ERRORS)
BANKNIFTY,55663.6,0,MATCH (216/216),MATCH (216/216),MATCH (216/216),PASS (0 ERRORS)
INDHOTEL,727.9,0,MATCH (216/216),MATCH (216/216),MATCH (216/216),PASS (0 ERRORS)
IDEA,14.24,0,MATCH (216/216),MATCH (216/216),MATCH (216/216),PASS (0 ERRORS)
DABUR,385.35,0,MATCH (216/216),MATCH (216/216),MATCH (216/216),PASS (0 ERRORS)
JIOFIN,227.49,0,MATCH (216/216),MATCH (216/216),MATCH (216/216),PASS (0 ERRORS)
PRESTIGE,1477.1,0,MATCH (216/216),MATCH (216/216),MATCH (216/216),PASS (0 ERRORS)
HINDZINC,590.45,0,MATCH (216/216),MATCH (216/216),MATCH (216/216),PASS (0 ERRORS)
HDFCLIFE,530.5,0,MATCH (216/216),MATCH (216/216),MATCH (216/216),PASS (0 ERRORS)
BHEL,416.9,0,MATCH (216/216),MATCH (216/216),MATCH (216/216),PASS (0 ERRORS)
HINDPETRO,351.95,0,MATCH (216/216),MATCH (216/216),MATCH (216/216),PASS (0 ERRORS)
LICI,408.45,0,MATCH (216/216),MATCH (216/216),MATCH (216/216),PASS (0 ERRORS)
SAGILITY,44.69,0,MATCH (216/216),MATCH (216/216),MATCH (216/216),PASS (0 ERRORS)
VEDL,265.25,0,MATCH (216/216),MATCH (216/216),MATCH (216/216),PASS (0 ERRORS)
BANKBARODA,235.17,0,MATCH (216/216),MATCH (216/216),MATCH (216/216),PASS (0 ERRORS)
UNIONBANK,179.71,0,MATCH (216/216),MATCH (216/216),MATCH (216/216),PASS (0 ERRORS)
GAIL,173.24,0,MATCH (216/216),MATCH (216/216),MATCH (216/216),PASS (0 ERRORS)
IDFCFIRSTB,83.68,0,MATCH (216/216),MATCH (216/216),MATCH (216/216),PASS (0 ERRORS)
BANKINDIA,137.71,0,MATCH (216/216),MATCH (216/216),MATCH (216/216),PASS (0 ERRORS)
PETRONET,286.55,0,MATCH (216/216),MATCH (216/216),MATCH (216/216),PASS (0 ERRORS)
SUZLON,40.86,0,MATCH (216/216),MATCH (216/216),MATCH (216/216),PASS (0 ERRORS)
TATASTEEL,188.27,0,MATCH (216/216),MATCH (216/216),MATCH (216/216),PASS (0 ERRORS)
GMRAIRPORT,97.85,0,MATCH (216/216),MATCH (216/216),MATCH (216/216),PASS (0 ERRORS)
IRFC,79.85,0,MATCH (216/216),MATCH (216/216),MATCH (216/216),PASS (0 ERRORS)
WIPRO,164.62,0,MATCH (216/216),MATCH (216/216),MATCH (216/216),PASS (0 ERRORS)
IOC,136.04,0,MATCH (216/216),MATCH (216/216),MATCH (216/216),PASS (0 ERRORS)
NHPC,76.28,0,MATCH (216/216),MATCH (216/216),MATCH (216/216),PASS (0 ERRORS)
YESBANK,22.51,0,MATCH (216/216),MATCH (216/216),MATCH (216/216),PASS (0 ERRORS)
JINDALSTEL,1161.8,0,MATCH (216/216),MATCH (216/216),MATCH (216/216),PASS (0 ERRORS)
BDL,1143.4,0,MATCH (216/216),MATCH (216/216),MATCH (216/216),PASS (0 ERRORS)
NAM-INDIA,1156.5,0,MATCH (216/216),MATCH (216/216),MATCH (216/216),PASS (0 ERRORS)
ASTRAL,1399.0,0,MATCH (216/216),MATCH (216/216),MATCH (216/216),PASS (0 ERRORS)
CDSL,1322.3,0,MATCH (216/216),MATCH (216/216),MATCH (216/216),PASS (0 ERRORS)
JSWSTEEL,1275.3,0,MATCH (216/216),MATCH (216/216),MATCH (216/216),PASS (0 ERRORS)
COCHINSHIP,1377.8,0,MATCH (216/216),MATCH (216/216),MATCH (216/216),PASS (0 ERRORS)
UPL,550.6,0,MATCH (216/216),MATCH (216/216),MATCH (216/216),PASS (0 ERRORS)
360ONE,1075.7,0,MATCH (216/216),MATCH (216/216),MATCH (216/216),PASS (0 ERRORS)
KPITTECH,519.75,0,MATCH (216/216),MATCH (216/216),MATCH (216/216),PASS (0 ERRORS)
PNBHOUSING,1092.6,0,MATCH (216/216),MATCH (216/216),MATCH (216/216),PASS (0 ERRORS)
GLENMARK,2374.4,0,MATCH (216/216),MATCH (216/216),MATCH (216/216),PASS (0 ERRORS)
BLUESTARCO,1566.1,0,MATCH (216/216),MATCH (216/216),MATCH (216/216),PASS (0 ERRORS)
LUPIN,2091.9,0,MATCH (216/216),MATCH (216/216),MATCH (216/216),PASS (0 ERRORS)
KFINTECH,892.75,0,MATCH (216/216),MATCH (216/216),MATCH (216/216),PASS (0 ERRORS)
PHOENIXLTD,1975.3,0,MATCH (216/216),MATCH (216/216),MATCH (216/216),PASS (0 ERRORS)
TIINDIA,2518.2,0,MATCH (216/216),MATCH (216/216),MATCH (216/216),PASS (0 ERRORS)
UNOMINDA,1221.0,0,MATCH (216/216),MATCH (216/216),MATCH (216/216),PASS (0 ERRORS)
COLPAL,1857.3,0,MATCH (216/216),MATCH (216/216),MATCH (216/216),PASS (0 ERRORS)
MPHASIS,2232.4,0,MATCH (216/216),MATCH (216/216),MATCH (216/216),PASS (0 ERRORS)
CUMMINSIND,4946.5,0,MATCH (216/216),MATCH (216/216),MATCH (216/216),PASS (0 ERRORS)
SAIL,184.07,0,MATCH (216/216),MATCH (216/216),MATCH (216/216),PASS (0 ERRORS)
UNITDSPR,1423.4,0,MATCH (216/216),MATCH (216/216),MATCH (216/216),PASS (0 ERRORS)
SIEMENS,3868.0,0,MATCH (216/216),MATCH (216/216),MATCH (216/216),PASS (0 ERRORS)
MANAPPURAM,333.25,0,MATCH (216/216),MATCH (216/216),MATCH (216/216),PASS (0 ERRORS)
HDFCAMC,2379.3,0,MATCH (216/216),MATCH (216/216),MATCH (216/216),PASS (0 ERRORS)
AMBER,6987.0,0,MATCH (216/216),MATCH (216/216),MATCH (216/216),PASS (0 ERRORS)
ULTRACEMCO,11140.0,0,MATCH (216/216),MATCH (216/216),MATCH (216/216),PASS (0 ERRORS)
SHREECEM,22505.0,0,MATCH (216/216),MATCH (216/216),MATCH (216/216),PASS (0 ERRORS)
BOSCHLTD,48315.0,0,MATCH (216/216),MATCH (216/216),MATCH (216/216),PASS (0 ERRORS)
NIFTYNXT50,71878.0,0,MATCH (216/216),MATCH (216/216),MATCH (216/216),PASS (0 ERRORS)
NIFTYFPI,1514.0,0,MATCH (216/216),MATCH (216/216),MATCH (216/216),PASS (0 ERRORS)
