file,sha256
bigquery_schema.csv,fe209cebdf73cd4bafdcbef38bec2bebe2ae0af990d2f82b339fe2a0a936c6a7
checks.csv,048af95e46d769fcde7584054e4b62283209fc0cf8988387e4cd0640fded0f58
ci.csv,2ee0d0124aae4a9cf7bd2622a0d8aa6fce9e96984cc742f252c6924bfa2c5096
raw\github_error.json,2b8be101e80e979fd1db9c2d15fed478497087e035336bf0744717842e6a0418
raw\local_checks_error.json,2b8be101e80e979fd1db9c2d15fed478497087e035336bf0744717842e6a0418
raw\operation_log.json,96b026308d12ff7e9faef1e212ff0ce1b28a578a45057e58cc771e8d04a154db
symbols.csv,ef8550e0ac5f58ef67ca4e1bcd0d9b95da6216df7beb7629b8927c053430cf18
SYSTEM_STATUS.html,6fb3e196f97093dd8c13b23d91a7a650a9e492bfba05587f068f29bbaad91fbc
SYSTEM_STATUS.json,e2487a6416f8dc476525fe0df2bd56f74c8b41c70ff1cba9b4557c8df8312b1b
SYSTEM_STATUS.md,7cdc7c6bb99ea1b8a27d9254f1c5d5c98f50e9a6c06f171b2bf2a2296fd4305c
