,ce_win_prob,pe_win_prob,confidence_pct,intensity_score,pre_open_conviction_pct,expected_gap_pct,atm_pcr,ce_iv,pe_iv,iv_skew,oi_imbalance,gamma_sum,vega_sum,theta_burden,news_sentiment_score,news_severity_level,spread_pct_of_spot
ce_win_prob,1.0,-1.0000000000000002,-0.0036893774590833184,0.08483331996561305,-0.1485587982170703,0.8519666728931852,-0.12376842439855096,-0.09850740836197294,0.04735900489742266,-0.12166719615248726,0.14296520455174633,-0.04078562655449521,0.09103513193524962,0.07904638887204891,-0.13772763334553742,-0.15909903811116438,0.05519426731059805
pe_win_prob,-1.0000000000000002,1.0,0.003689377459083343,-0.08483331996561302,0.1485587982170702,-0.8519666728931851,0.12376842439855096,0.09850740836197285,-0.047359004897422674,0.12166719615248725,-0.1429652045517463,0.0407856265544952,-0.09103513193524965,-0.07904638887204894,0.13772763334553748,0.15909903811116438,-0.05519426731059808
confidence_pct,-0.0036893774590833184,0.003689377459083343,1.0,0.8657890063573844,0.8148054110975681,-0.12626587819642357,0.006219049360093669,-0.09912023979854975,0.06042810908071354,-0.13274397187429365,-0.0182048538106002,0.06877768637402659,-0.1755406602973066,-0.15414161344279295,-0.06230422354606235,0.1349531048985157,-0.25667819415208487
intensity_score,0.08483331996561305,-0.08483331996561302,0.8657890063573844,1.0,0.7424917096021778,-0.01654395928633528,-0.02769389176529676,-0.10428788295089998,0.07729184917038147,-0.15074289622024287,0.013078526619489064,0.09457015869707529,-0.17074056378521127,-0.16410983974064905,-0.10962602256393794,0.16113638170227873,-0.29053950129360134
pre_open_conviction_pct,-0.1485587982170703,0.1485587982170702,0.8148054110975681,0.7424917096021778,1.0,-0.28057063049048003,0.04068722854849173,-0.12933760998754715,0.011233194954996042,-0.11858750640759223,-0.06260298392791573,0.07914628102177214,-0.13516026426644295,-0.14303758511427284,-0.040676009741939224,0.26035066225548753,-0.2725792577708546
expected_gap_pct,0.8519666728931852,-0.8519666728931851,-0.12626587819642357,-0.01654395928633528,-0.28057063049048003,1.0,-0.09040017766155198,-0.04941909601561983,0.02410547206506112,-0.06131775834098587,0.1298921516083358,-0.041237427292979585,0.07591390815797404,0.027635966904034612,-0.030221177135711465,-0.20140612517412715,0.15023611093425726
atm_pcr,-0.12376842439855096,0.12376842439855096,0.006219049360093669,-0.02769389176529676,0.04068722854849173,-0.09040017766155198,1.0,0.12312026312918589,-0.09567095146337432,0.1815362151717929,-0.7444109125654136,0.03588894542769808,-0.109215501601538,-0.09972204484526423,0.17158377948267445,0.039978939551308254,-0.004931771550675425
ce_iv,-0.09850740836197294,0.09850740836197285,-0.09912023979854975,-0.10428788295089998,-0.12933760998754715,-0.04941909601561983,0.12312026312918589,1.0,0.27013495672209265,0.6284916113348352,-0.3229963364608962,-0.0704113278308441,0.24067404031665518,0.5054839926624032,-0.06705378690911955,-0.06413876044639526,0.30570402996761
pe_iv,0.04735900489742266,-0.047359004897422674,0.06042810908071354,0.07729184917038147,0.011233194954996042,0.02410547206506112,-0.09567095146337432,0.27013495672209265,1.0,-0.5791215161132454,0.24153084925726181,-0.10031188303181374,0.15453347558364985,0.37382155398046546,0.01601921626782644,0.05541966922730461,0.6407952132003877
iv_skew,-0.12166719615248726,0.12166719615248725,-0.13274397187429365,-0.15074289622024287,-0.11858750640759223,-0.06131775834098587,0.1815362151717929,0.6284916113348352,-0.5791215161132454,1.0,-0.4195339354231679,0.021418285215305997,0.07894366635120187,0.12601167550226428,-0.06971692366819578,-0.09907837729504756,-0.25882078966225563
oi_imbalance,0.14296520455174633,-0.1429652045517463,-0.0182048538106002,0.013078526619489064,-0.06260298392791573,0.1298921516083358,-0.7444109125654136,-0.3229963364608962,0.24153084925726181,-0.4195339354231679,1.0,-0.08745730183834345,0.10230987160625778,0.0943543152030681,-0.11405405327107268,-0.03536298555878248,0.11662846573607728
gamma_sum,-0.04078562655449521,0.0407856265544952,0.06877768637402659,0.09457015869707529,0.07914628102177214,-0.041237427292979585,0.03588894542769808,-0.0704113278308441,-0.10031188303181374,0.021418285215305997,-0.08745730183834345,1.0,-0.20302721410308652,-0.08874983080619707,0.04089850683435739,0.03591212823279861,-0.014546511628676876
vega_sum,0.09103513193524962,-0.09103513193524965,-0.1755406602973066,-0.17074056378521127,-0.13516026426644295,0.07591390815797404,-0.109215501601538,0.24067404031665518,0.15453347558364985,0.07894366635120187,0.10230987160625778,-0.20302721410308652,1.0,0.7247281544558258,-0.03629080810092163,-0.08418569265691034,0.20614050977077916
theta_burden,0.07904638887204891,-0.07904638887204894,-0.15414161344279295,-0.16410983974064905,-0.14303758511427284,0.027635966904034612,-0.09972204484526423,0.5054839926624032,0.37382155398046546,0.12601167550226428,0.0943543152030681,-0.08874983080619707,0.7247281544558258,1.0,-0.01619772386857732,-0.057691758936693614,0.37316792420199385
news_sentiment_score,-0.13772763334553742,0.13772763334553748,-0.06230422354606235,-0.10962602256393794,-0.040676009741939224,-0.030221177135711465,0.17158377948267445,-0.06705378690911955,0.01601921626782644,-0.06971692366819578,-0.11405405327107268,0.04089850683435739,-0.03629080810092163,-0.01619772386857732,1.0,0.10312248244681954,0.33899310952954026
news_severity_level,-0.15909903811116438,0.15909903811116438,0.1349531048985157,0.16113638170227873,0.26035066225548753,-0.20140612517412715,0.039978939551308254,-0.06413876044639526,0.05541966922730461,-0.09907837729504756,-0.03536298555878248,0.03591212823279861,-0.08418569265691034,-0.057691758936693614,0.10312248244681954,1.0,-0.055010386963179156
spread_pct_of_spot,0.05519426731059805,-0.05519426731059808,-0.25667819415208487,-0.29053950129360134,-0.2725792577708546,0.15023611093425726,-0.004931771550675425,0.30570402996761,0.6407952132003877,-0.25882078966225563,0.11662846573607728,-0.014546511628676876,0.20614050977077916,0.37316792420199385,0.33899310952954026,-0.055010386963179156,1.0
