symbol,metric,value,lower_bound,upper_bound
FORTIS,expected_gap_pct,-2.32,-1.9375000000000002,1.9225000000000003
MAXHEALTH,expected_gap_pct,-1.96,-1.9375000000000002,1.9225000000000003
MAHABANK,expected_gap_pct,2.43,-1.9375000000000002,1.9225000000000003
POLICYBZR,expected_gap_pct,-2.77,-1.9375000000000002,1.9225000000000003
PNB,expected_gap_pct,-1.9500000000000002,-1.9375000000000002,1.9225000000000003
YESBANK,confidence_pct,24.4,25.0625,107.5625
JINDALSTEL,confidence_pct,25.0,25.0625,107.5625
NAM-INDIA,confidence_pct,22.8,25.0625,107.5625
CDSL,confidence_pct,22.1,25.0625,107.5625
JSWSTEEL,confidence_pct,24.6,25.0625,107.5625
UPL,confidence_pct,24.8,25.0625,107.5625
360ONE,confidence_pct,21.9,25.0625,107.5625
KPITTECH,confidence_pct,23.4,25.0625,107.5625
HDFCAMC,confidence_pct,23.1,25.0625,107.5625
APLAPOLLO,confidence_pct,21.1,25.0625,107.5625
AMBER,confidence_pct,22.3,25.0625,107.5625
SHREECEM,confidence_pct,25.0,25.0625,107.5625
BOSCHLTD,confidence_pct,23.2,25.0625,107.5625
FORTIS,intensity_score,99.0,49.0,97.0
PAYTM,intensity_score,99.0,49.0,97.0
KAYNES,intensity_score,99.0,49.0,97.0
IREDA,intensity_score,99.0,49.0,97.0
MAHABANK,intensity_score,99.0,49.0,97.0
MCX,intensity_score,99.0,49.0,97.0
POLICYBZR,intensity_score,99.0,49.0,97.0
YESBANK,intensity_score,20.0,49.0,97.0
JINDALSTEL,intensity_score,20.0,49.0,97.0
BDL,intensity_score,20.0,49.0,97.0
NAM-INDIA,intensity_score,20.0,49.0,97.0
ASTRAL,intensity_score,20.0,49.0,97.0
CDSL,intensity_score,20.0,49.0,97.0
JSWSTEEL,intensity_score,20.0,49.0,97.0
COCHINSHIP,intensity_score,20.0,49.0,97.0
UPL,intensity_score,20.0,49.0,97.0
360ONE,intensity_score,20.0,49.0,97.0
KPITTECH,intensity_score,20.0,49.0,97.0
PNBHOUSING,intensity_score,20.0,49.0,97.0
GLENMARK,intensity_score,20.0,49.0,97.0
BLUESTARCO,intensity_score,20.0,49.0,97.0
LUPIN,intensity_score,20.0,49.0,97.0
KFINTECH,intensity_score,20.0,49.0,97.0
PHOENIXLTD,intensity_score,20.0,49.0,97.0
TIINDIA,intensity_score,20.0,49.0,97.0
UNOMINDA,intensity_score,20.0,49.0,97.0
COLPAL,intensity_score,20.0,49.0,97.0
MPHASIS,intensity_score,20.0,49.0,97.0
CUMMINSIND,intensity_score,20.0,49.0,97.0
SAIL,intensity_score,20.0,49.0,97.0
UNITDSPR,intensity_score,20.0,49.0,97.0
SIEMENS,intensity_score,20.0,49.0,97.0
MANAPPURAM,intensity_score,20.0,49.0,97.0
HDFCAMC,intensity_score,20.0,49.0,97.0
APLAPOLLO,intensity_score,20.0,49.0,97.0
AMBER,intensity_score,20.0,49.0,97.0
ULTRACEMCO,intensity_score,20.0,49.0,97.0
SHREECEM,intensity_score,20.0,49.0,97.0
BOSCHLTD,intensity_score,20.0,49.0,97.0
NIFTYNXT50,intensity_score,20.0,49.0,97.0
NIFTYFPI,intensity_score,20.0,49.0,97.0
SUPREMEIND,ce_chg_pct,279.49,-112.17124999999999,91.31875
KAYNES,ce_chg_pct,248.41,-112.17124999999999,91.31875
IREDA,ce_chg_pct,258.7,-112.17124999999999,91.31875
ASIANPAINT,ce_chg_pct,236.92,-112.17124999999999,91.31875
MAHABANK,ce_chg_pct,200.0,-112.17124999999999,91.31875
HYUNDAI,ce_chg_pct,187.13,-112.17124999999999,91.31875
AXISBANK,ce_chg_pct,181.54,-112.17124999999999,91.31875
RECLTD,ce_chg_pct,153.85,-112.17124999999999,91.31875
BANDHANBNK,ce_chg_pct,127.4,-112.17124999999999,91.31875
M&M,ce_chg_pct,95.62,-112.17124999999999,91.31875
JUBLFOOD,ce_chg_pct,103.23,-112.17124999999999,91.31875
BLUESTARCO,ce_chg_pct,146.61,-112.17124999999999,91.31875
MANAPPURAM,ce_chg_pct,195.0,-112.17124999999999,91.31875
FORTIS,pe_chg_pct,1820.0,-110.57374999999999,61.19624999999999
MAXHEALTH,pe_chg_pct,433.33,-110.57374999999999,61.19624999999999
PAYTM,pe_chg_pct,311.3,-110.57374999999999,61.19624999999999
FEDERALBNK,pe_chg_pct,328.57,-110.57374999999999,61.19624999999999
MCX,pe_chg_pct,102.01,-110.57374999999999,61.19624999999999
LAURUSLABS,pe_chg_pct,104.41,-110.57374999999999,61.19624999999999
ABB,pe_chg_pct,98.27,-110.57374999999999,61.19624999999999
TRENT,pe_chg_pct,81.18,-110.57374999999999,61.19624999999999
TMPV,pe_chg_pct,66.67,-110.57374999999999,61.19624999999999
NMDC,pe_chg_pct,75.0,-110.57374999999999,61.19624999999999
LICHSGFIN,pe_chg_pct,69.01,-110.57374999999999,61.19624999999999
BDL,pe_chg_pct,68.22,-110.57374999999999,61.19624999999999
GLENMARK,pe_chg_pct,127.89,-110.57374999999999,61.19624999999999
ABB,atm_pcr,2.11,-0.20874999999999988,2.0012499999999998
TMPV,atm_pcr,2.7,-0.20874999999999988,2.0012499999999998
BIOCON,atm_pcr,4.07,-0.20874999999999988,2.0012499999999998
SBICARD,atm_pcr,2.03,-0.20874999999999988,2.0012499999999998
INDUSTOWER,atm_pcr,2.22,-0.20874999999999988,2.0012499999999998
BAJAJ-AUTO,atm_pcr,2.45,-0.20874999999999988,2.0012499999999998
LTF,atm_pcr,2.7800000000000002,-0.20874999999999988,2.0012499999999998
TIINDIA,atm_pcr,8.5,-0.20874999999999988,2.0012499999999998
FEDERALBNK,ce_iv,69.16,15.192499999999999,60.9725
BANDHANBNK,ce_iv,61.67,15.192499999999999,60.9725
POLICYBZR,ce_iv,140.57,15.192499999999999,60.9725
LICHSGFIN,ce_iv,14.29,15.192499999999999,60.9725
OFSS,ce_iv,64.14,15.192499999999999,60.9725
SUZLON,ce_iv,60.98,15.192499999999999,60.9725
YESBANK,ce_iv,0.0,15.192499999999999,60.9725
TIINDIA,ce_iv,167.66,15.192499999999999,60.9725
NIFTYNXT50,ce_iv,243.36,15.192499999999999,60.9725
NIFTYFPI,ce_iv,309.02,15.192499999999999,60.9725
FEDERALBNK,pe_iv,71.21,19.959999999999994,59.32000000000001
BANDHANBNK,pe_iv,62.35,19.959999999999994,59.32000000000001
ZYDUSLIFE,pe_iv,350.0,19.959999999999994,59.32000000000001
POLICYBZR,pe_iv,139.71,19.959999999999994,59.32000000000001
TITAN,pe_iv,17.96,19.959999999999994,59.32000000000001
NIFTY,pe_iv,19.27,19.959999999999994,59.32000000000001
IDEA,pe_iv,0.0,19.959999999999994,59.32000000000001
SUZLON,pe_iv,60.98,19.959999999999994,59.32000000000001
SAIL,pe_iv,65.07,19.959999999999994,59.32000000000001
MANAPPURAM,pe_iv,64.05,19.959999999999994,59.32000000000001
NIFTYNXT50,pe_iv,186.35,19.959999999999994,59.32000000000001
NIFTYFPI,pe_iv,0.0,19.959999999999994,59.32000000000001
BANDHANBNK,ce_oi,3402000.0,-1510787.5,2900212.5
INOXWIND,ce_oi,9868800.0,-1510787.5,2900212.5
ONGC,ce_oi,3078000.0,-1510787.5,2900212.5
MOTHERSON,ce_oi,4249650.0,-1510787.5,2900212.5
PNB,ce_oi,5272000.0,-1510787.5,2900212.5
HDFCBANK,ce_oi,20125300.0,-1510787.5,2900212.5
CANBK,ce_oi,7128000.0,-1510787.5,2900212.5
COALINDIA,ce_oi,6613650.0,-1510787.5,2900212.5
ETERNAL,ce_oi,7840025.0,-1510787.5,2900212.5
ADANIPOWER,ce_oi,5978200.0,-1510787.5,2900212.5
NTPC,ce_oi,3474000.0,-1510787.5,2900212.5
ASHOKLEY,ce_oi,7195000.0,-1510787.5,2900212.5
ITC,ce_oi,12288900.0,-1510787.5,2900212.5
NIFTY,ce_oi,9387040.0,-1510787.5,2900212.5
VBL,ce_oi,3016650.0,-1510787.5,2900212.5
IDEA,ce_oi,205204725.0,-1510787.5,2900212.5
SAGILITY,ce_oi,5352000.0,-1510787.5,2900212.5
IDFCFIRSTB,ce_oi,6863500.0,-1510787.5,2900212.5
UNIONBANK,ce_oi,4964850.0,-1510787.5,2900212.5
SUZLON,ce_oi,5588000.0,-1510787.5,2900212.5
TATASTEEL,ce_oi,4468750.0,-1510787.5,2900212.5
IOC,ce_oi,3943875.0,-1510787.5,2900212.5
WIPRO,ce_oi,6852000.0,-1510787.5,2900212.5
YESBANK,ce_oi,72431900.0,-1510787.5,2900212.5
MAHABANK,pe_oi,2931500.0,-1393196.875,2625678.125
TMPV,pe_oi,2851200.0,-1393196.875,2625678.125
NMDC,pe_oi,3786750.0,-1393196.875,2625678.125
INOXWIND,pe_oi,7436800.0,-1393196.875,2625678.125
PNB,pe_oi,3456000.0,-1393196.875,2625678.125
HDFCBANK,pe_oi,8149700.0,-1393196.875,2625678.125
CANBK,pe_oi,7998750.0,-1393196.875,2625678.125
COALINDIA,pe_oi,3029400.0,-1393196.875,2625678.125
LTF,pe_oi,3858750.0,-1393196.875,2625678.125
ETERNAL,pe_oi,3964875.0,-1393196.875,2625678.125
ADANIPOWER,pe_oi,2903900.0,-1393196.875,2625678.125
ASHOKLEY,pe_oi,8020000.0,-1393196.875,2625678.125
ITC,pe_oi,4457400.0,-1393196.875,2625678.125
NIFTY,pe_oi,6103500.0,-1393196.875,2625678.125
NATIONALUM,pe_oi,4096875.0,-1393196.875,2625678.125
IDEA,pe_oi,240441900.0,-1393196.875,2625678.125
SAGILITY,pe_oi,5112000.0,-1393196.875,2625678.125
VEDL,pe_oi,3972100.0,-1393196.875,2625678.125
IDFCFIRSTB,pe_oi,4628225.0,-1393196.875,2625678.125
BANKBARODA,pe_oi,5159700.0,-1393196.875,2625678.125
UNIONBANK,pe_oi,6305625.0,-1393196.875,2625678.125
SUZLON,pe_oi,3492500.0,-1393196.875,2625678.125
GMRAIRPORT,pe_oi,3557250.0,-1393196.875,2625678.125
TATASTEEL,pe_oi,6850250.0,-1393196.875,2625678.125
IOC,pe_oi,3383250.0,-1393196.875,2625678.125
WIPRO,pe_oi,5355000.0,-1393196.875,2625678.125
YESBANK,pe_oi,56913000.0,-1393196.875,2625678.125
KAYNES,ce_bid_ask_spread,4.45,-2.075,4.125
MCX,ce_bid_ask_spread,4.95,-2.075,4.125
ABB,ce_bid_ask_spread,10.35,-2.075,4.125
INDIGO,ce_bid_ask_spread,5.05,-2.075,4.125
TORNTPHARM,ce_bid_ask_spread,5.0,-2.075,4.125
POWERINDIA,ce_bid_ask_spread,42.8,-2.075,4.125
ALKEM,ce_bid_ask_spread,4.75,-2.075,4.125
OFSS,ce_bid_ask_spread,5.9,-2.075,4.125
SOLARINDS,ce_bid_ask_spread,20.0,-2.075,4.125
PAGEIND,ce_bid_ask_spread,15.35,-2.075,4.125
FINNIFTY,ce_bid_ask_spread,18.95,-2.075,4.125
POLYCAB,ce_bid_ask_spread,4.3,-2.075,4.125
GLENMARK,ce_bid_ask_spread,8.15,-2.075,4.125
BLUESTARCO,ce_bid_ask_spread,5.85,-2.075,4.125
PHOENIXLTD,ce_bid_ask_spread,5.9,-2.075,4.125
TIINDIA,ce_bid_ask_spread,46.95,-2.075,4.125
CUMMINSIND,ce_bid_ask_spread,13.0,-2.075,4.125
SAIL,ce_bid_ask_spread,5.63,-2.075,4.125
SIEMENS,ce_bid_ask_spread,15.5,-2.075,4.125
MANAPPURAM,ce_bid_ask_spread,4.3,-2.075,4.125
AMBER,ce_bid_ask_spread,23.75,-2.075,4.125
ULTRACEMCO,ce_bid_ask_spread,29.8,-2.075,4.125
SHREECEM,ce_bid_ask_spread,76.0,-2.075,4.125
BOSCHLTD,ce_bid_ask_spread,6.05,-2.075,4.125
NIFTYNXT50,ce_bid_ask_spread,599.9,-2.075,4.125
KAYNES,pe_bid_ask_spread,62.65,-4.7437499999999995,8.706249999999999
RADICO,pe_bid_ask_spread,15.95,-4.7437499999999995,8.706249999999999
ZYDUSLIFE,pe_bid_ask_spread,70.05,-4.7437499999999995,8.706249999999999
TORNTPHARM,pe_bid_ask_spread,18.8,-4.7437499999999995,8.706249999999999
BAJAJHLDNG,pe_bid_ask_spread,363.0,-4.7437499999999995,8.706249999999999
WAAREEENER,pe_bid_ask_spread,9.0,-4.7437499999999995,8.706249999999999
POWERINDIA,pe_bid_ask_spread,23.95,-4.7437499999999995,8.706249999999999
SOLARINDS,pe_bid_ask_spread,111.3,-4.7437499999999995,8.706249999999999
FORCEMOT,pe_bid_ask_spread,364.25,-4.7437499999999995,8.706249999999999
PAGEIND,pe_bid_ask_spread,33.05,-4.7437499999999995,8.706249999999999
FINNIFTY,pe_bid_ask_spread,12.75,-4.7437499999999995,8.706249999999999
SRF,pe_bid_ask_spread,9.75,-4.7437499999999995,8.706249999999999
COCHINSHIP,pe_bid_ask_spread,9.4,-4.7437499999999995,8.706249999999999
PHOENIXLTD,pe_bid_ask_spread,11.7,-4.7437499999999995,8.706249999999999
MPHASIS,pe_bid_ask_spread,9.4,-4.7437499999999995,8.706249999999999
SIEMENS,pe_bid_ask_spread,12.1,-4.7437499999999995,8.706249999999999
HDFCAMC,pe_bid_ask_spread,16.45,-4.7437499999999995,8.706249999999999
APLAPOLLO,pe_bid_ask_spread,18.3,-4.7437499999999995,8.706249999999999
AMBER,pe_bid_ask_spread,25.9,-4.7437499999999995,8.706249999999999
ULTRACEMCO,pe_bid_ask_spread,18.05,-4.7437499999999995,8.706249999999999
SHREECEM,pe_bid_ask_spread,215.0,-4.7437499999999995,8.706249999999999
BOSCHLTD,pe_bid_ask_spread,136.1,-4.7437499999999995,8.706249999999999
NIFTYNXT50,pe_bid_ask_spread,2347.9,-4.7437499999999995,8.706249999999999
NIFTYFPI,pe_bid_ask_spread,19.9,-4.7437499999999995,8.706249999999999
FORTIS,news_sentiment_score,-0.013000000000000001,0.0,0.0
PAYTM,news_sentiment_score,-0.032,0.0,0.0
POLICYBZR,news_sentiment_score,-0.047,0.0,0.0
BIOCON,news_sentiment_score,0.333,0.0,0.0
OIL,news_sentiment_score,0.11800000000000001,0.0,0.0
ADANIPORTS,news_sentiment_score,-0.033,0.0,0.0
ADANIENT,news_sentiment_score,-0.033,0.0,0.0
RELIANCE,news_sentiment_score,0.111,0.0,0.0
DABUR,news_sentiment_score,-0.033,0.0,0.0
VEDL,news_sentiment_score,-0.031,0.0,0.0
SAIL,news_sentiment_score,0.4,0.0,0.0
