,count,mean,std,min,1%,5%,10%,25%,50%,75%,90%,95%,99%,max
ce_theta,216.0,-20.126124537037033,125.55372878056073,-1821.9287,-152.085,-52.64265,-24.237650000000002,-9.929549999999999,-4.477,-1.450725,-0.55515,-0.39305,-0.17173000000000047,-0.0057
positive_prob,216.0,0.3223611111111111,0.058979532647502615,0.1,0.25,0.25,0.30000000000000004,0.30000000000000004,0.33,0.33,0.33,0.33,0.6869999999999976,0.75
negative_prob,216.0,0.3221296296296297,0.11232470312426916,0.1,0.11499999999999999,0.2,0.2,0.33,0.33,0.33,0.33,0.65,0.65,0.8
expected_gap_pct,216.0,-0.05314814814814814,0.818023878821478,-2.77,-1.9585,-1.455,-1.1949999999999998,-0.49,0.0,0.47500000000000003,0.885,1.2149999999999999,1.6614999999999989,2.43
news_sentiment_score,216.0,0.0034259259259259264,0.03749287155904882,-0.047,-0.033,0.0,0.0,0.0,0.0,0.0,0.0,0.0,0.11694999999999997,0.4
pe_vega,216.0,0.7082597222222223,1.722404248419867,0.0008,0.008545,0.01955,0.034600000000000006,0.07805000000000001,0.24025000000000002,0.49795,1.4234,2.764875,9.584174999999986,14.991
pe_theta,216.0,-18.35189398148148,97.43207351226474,-1396.285,-144.74160500000002,-61.5244,-24.6263,-9.980875000000001,-4.552849999999999,-1.52705,-0.63635,-0.439325,-0.18313500000000038,-0.0079
already_priced_in_prob,216.0,0.48912037037037037,0.0395869881353663,0.25,0.265,0.4,0.5,0.5,0.5,0.5,0.5,0.5,0.5,0.5
pe_gamma,216.0,0.04625938425925926,0.08275517679582026,5.7e-05,0.00051565,0.001291,0.003143,0.00754625,0.016906499999999998,0.049840249999999996,0.12068949999999999,0.18073699999999998,0.3978134499999994,0.710004
pe_delta,216.0,-0.5078384259259259,0.08806393953720837,-0.8185,-0.666135,-0.6305499999999999,-0.6023000000000001,-0.5679500000000001,-0.51915,-0.4582,-0.39785000000000004,-0.359725,-0.29864500000000005,-0.0517
ce_oi,216.0,2468401.324074074,14858272.16913278,0.0,6977.0,25956.25,51250.0,143337.5,350720.0,1246087.5,3240000.0,6673237.5,18949839.999999955,205204725.0
pe_oi_change_pct,216.0,0.0,0.0,0.0,0.0,0.0,0.0,0.0,0.0,0.0,0.0,0.0,0.0,0.0
pe_oi,216.0,2364012.328703704,16790324.150716487,0.0,1250.0,20868.75,41350.0,113881.25,296912.5,1118600.0,3419625.0,5123925.0,8130244.999999999,240441900.0
pe_chg_pct,216.0,-8.148055555555556,137.83087077138015,-99.49,-74.8575,-65.36,-58.285,-46.16,-28.6,-3.2175000000000002,34.144999999999996,68.4175,325.9794999999999,1820.0
ce_delta,216.0,0.4890236111111112,0.09286919256833547,0.0201,0.33469000000000004,0.36247500000000005,0.3899,0.428725,0.47995,0.5460750000000001,0.60805,0.6456500000000001,0.7118599999999999,0.7701
pe_ltp,216.0,40.07277777777778,198.71578811509053,0.04,0.39399999999999996,0.7175,1.085,3.3375,9.399999999999999,21.674999999999997,57.474999999999994,122.8375,403.2649999999993,2806.8
ce_bid_ask_spread,216.0,5.319444444444445,41.328163927803644,0.0,0.0115,0.05,0.09,0.25,0.7000000000000001,1.8,4.6,11.0125,46.32749999999998,599.9
max_pain,216.0,3457.8796296296296,8305.465029577608,15.0,42.45,94.75,168.75,388.75,1160.0,2460.0,7100.0,13625.0,46349.999999999935,72000.0
ce_vega,216.0,0.7070995370370371,1.7202237765327577,0.0006000000000000001,0.008545,0.0194,0.0344,0.07800000000000001,0.24035,0.4988,1.4039000000000001,2.7592749999999997,9.530994999999987,14.9784
ce_gamma,216.0,0.048222060185185184,0.08797105244557672,4.3e-05,0.0005175,0.00151825,0.003079,0.0075895,0.017218999999999998,0.05445749999999999,0.1341605,0.18829325,0.31224379999999996,0.912435
rank,216.0,108.5,62.49799996799898,1.0,3.15,11.75,22.5,54.75,108.5,162.25,194.5,205.25,213.85,216.0
pre_open_conviction_pct,216.0,59.56018518518518,13.782563570330382,35.0,35.0,35.0,35.0,53.5,59.8,69.55,76.55000000000001,79.5,87.50999999999999,97.8
intensity_score,216.0,67.5324074074074,21.833383138984953,20.0,20.0,20.0,20.0,67.0,74.0,79.0,86.0,88.0,99.0,99.0
ce_iv,216.0,41.01486111111111,27.29170276806891,0.0,16.442,23.32,25.814999999999998,32.36,37.150000000000006,43.805,51.269999999999996,55.34,163.59649999999985,309.02
pe_win_prob,216.0,50.68101851851851,23.21142984042268,6.6,10.06,16.725,21.45,32.050000000000004,49.85,72.0,82.3,85.875,95.685,98.2
ce_win_prob,216.0,49.31898148148149,23.21142984042268,1.8,4.3149999999999995,14.125,17.7,28.0,50.15,67.95,78.55,83.275,89.94,93.4
ce_chg_pct,216.0,-0.03819444444444445,58.512103824201276,-94.88,-74.841,-56.04,-49.21,-35.8625,-9.625,15.01,48.085,109.27250000000001,246.68649999999994,279.49
ce_ltp,216.0,38.95930555555556,249.86009634226644,0.04,0.297,0.6975,1.16,2.95,8.925,17.1125,59.475,93.8375,262.105,3639.1
atm_pcr,216.0,0.971111111111111,0.7311365263444569,0.0,0.03449999999999998,0.33,0.44,0.62,0.8200000000000001,1.1724999999999999,1.635,1.8625,2.768,8.5
confidence_pct,216.0,63.40185185185185,18.357780083058795,21.1,22.130000000000003,24.95,29.15,56.0,66.3,76.625,83.0,86.42500000000001,92.47499999999998,95.4
pe_bid_ask_spread,216.0,19.77277777777778,164.03423647368217,0.01,0.0415,0.095,0.15,0.30000000000000004,1.225,3.6625,9.4,20.912499999999998,340.79999999999916,2347.9
pe_iv,216.0,42.06092592592592,26.038836237955127,0.0,18.1565,24.8475,27.73,34.72,39.894999999999996,44.56,52.29,56.4275,129.4349999999996,350.0
spot_ltp,216.0,3451.1291666666666,8317.745246207513,14.24,41.4345,94.59,169.39,384.55,1166.3,2456.3250000000003,7018.5,13564.975,46735.49999999994,71878.0
ce_oi_change_pct,216.0,0.0,0.0,0.0,0.0,0.0,0.0,0.0,0.0,0.0,0.0,0.0,0.0,0.0
atm_strike,216.0,3455.746527777778,8330.949115346215,14.0,41.6,94.75,168.75,383.75,1170.0,2465.0,7000.0,13637.5,46924.99999999994,71900.0
news_severity_level,216.0,1.4537037037037037,0.8339790779736916,1.0,1.0,1.0,1.0,1.0,1.0,2.0,2.0,4.0,4.0,4.0
prob_sum,216.0,100.0,0.0,100.0,100.0,100.0,100.0,100.0,100.0,100.0,100.0,100.0,100.0,100.0
prob_edge,216.0,39.867592592592594,23.66702476345892,0.4000000000000057,1.430000000000004,4.150000000000002,8.200000000000003,20.150000000000002,40.2,59.8,71.1,78.55000000000001,91.37,96.4
winner_prob,216.0,69.9337962962963,11.833512381729452,50.2,50.715,52.075,54.1,60.075,70.1,79.9,85.55,89.275,95.685,98.2
iv_skew,216.0,-1.0460648148148153,32.232256568724104,-315.77,-38.3865,-6.830000000000002,-4.769999999999998,-3.4099999999999975,-1.7950000000000017,0.0,1.9599999999999973,4.175000000000003,55.15149999999995,309.02
oi_total,216.0,4832413.652777778,31574030.106416654,0.0,10619.25,56687.5,93112.5,274575.0,614495.0,2327856.25,6064575.0,11362181.25,26629589.999999937,445646625.0
oi_imbalance,215.0,0.07826614031171288,0.2581550167033337,-1.0,-0.5865379388221782,-0.31379547430257365,-0.24851862171449798,-0.0841202571764919,0.0957683741648107,0.23452183324501075,0.3828797688138137,0.4473142064060021,0.610609558019678,1.0
spread_total,216.0,25.092222222222226,204.3075066468388,0.04,0.09,0.2,0.28,0.6000000000000001,2.1500000000000004,5.65,16.425,48.7125,352.1999999999996,2947.8
spread_pct_of_spot,216.0,0.385506259100573,0.6931167742191386,0.008194352797077635,0.020557788627410697,0.045626981421635314,0.07393280231729249,0.11096952238359077,0.16122863949340493,0.39395753734420524,0.7049213029168226,1.0370436617030312,3.980229458339626,5.8376898182723425
abs_gap_prediction,216.0,0.6099074074074075,0.5461535611135097,0.0,0.0,0.0,0.0,0.185,0.485,0.9225000000000001,1.395,1.625,2.265999999999998,2.77
gamma_sum,216.0,0.09448144444444445,0.16882987397751037,0.0001,0.0010401499999999999,0.0030624999999999997,0.006659,0.0153975,0.033991,0.10553325,0.24993849999999998,0.36147399999999996,0.6954951999999996,1.622439
vega_sum,216.0,1.4153592592592596,3.4426202363907197,0.0031,0.01709,0.03895,0.069,0.15605000000000002,0.4806,0.9989250000000001,2.8276000000000003,5.524150000000001,19.115169999999974,29.9694
theta_burden,216.0,38.47801851851852,222.80488213319143,0.058300000000000005,0.354865,0.8314750000000001,1.22545,2.9894750000000005,9.110999999999999,20.6396,50.8902,109.870225,294.7058949999999,3218.2137000000002
option_change_extreme,216.0,64.50310185185184,131.7456052772488,0.0,15.1935,21.2125,25.18,33.5,42.644999999999996,55.6975,91.5,182.9375,325.9794999999999,1820.0
